sku,pawzenName,cjName,topCategory,subCategory,collections,cjCost,retailPrice,cjUrl,imageUrl
CJJJCWMY00030,TidyPaws Litter Trapping Mat,Double Layer Litter Cat Bed Pads Pet Cat Litter Mat Trapping Pets Litter Box Mat Pet Product Bed For Cats House Clean Mat,cats,cat-accessories,new-arrivals;best-sellers;premium-collection;cat-paradise,12.55,37.66,https://cjdropshipping.com/search.html?keyword=CJJJCWMY00030,https://cf.cjdropshipping.com/f8dc5a9b-909c-4389-adc4-564fbd004aa6.jpg
CJJJCWMY00449,TidyPaws Litter Trapping Mat Pro,Waterproof Pet Cat Litter Mat EVA Double Layer Cat Litter Trapping Pet Litter Cat Mat Clean Pad Products For Cats Accessories,cats,cat-accessories,cat-paradise,5.17,15.50,https://cjdropshipping.com/search.html?keyword=CJJJCWMY00449,https://cf.cjdropshipping.com/cbd79c62-f699-4a69-adb0-250c37931e31.jpg
CJJT1802490,TidyPaws Litter Trapping Mat Pro,Cat Litter Mat Pet Solid Color Waterproof Cat Litter Mat Easy Clean Scatter Control Pets Supplies,cats,cat-accessories,cat-paradise,2.69,8.05,https://cjdropshipping.com/search.html?keyword=CJJT1802490,https://cf.cjdropshipping.com/b3c95fc1-7229-439f-90ca-e265cdb45bb7.jpg
CJJJCWGY04219,PurrFlow Cat Water Fountain,Automatic Drinking Fountain Cat Water Drinking Bowl Cat Water Bowl Water Bowl,cats,cat-accessories,premium-collection;cat-paradise,9.06,27.18,https://cjdropshipping.com/search.html?keyword=CJJJCWGY04219,https://cf.cjdropshipping.com/20210117/4687572101573.jpg
CJJJCWMY00201,TidyPaws Litter Trapping Mat V4,Pet Cat Litter Mat Pet Supplies EVA Double Cat Litter Mat,cats,cat-accessories,cat-paradise,4.41,13.23,https://cjdropshipping.com/search.html?keyword=CJJJCWMY00201,https://cf.cjdropshipping.com/20190419/2006659440465.png
CJYD2032220,PurrFlow Cat Water Fountain V2,Cat Water Fountain Filter Circulating Flowing Live Water,cats,cat-accessories,cat-paradise,5.58,16.73,https://cjdropshipping.com/search.html?keyword=CJYD2032220,https://cf.cjdropshipping.com/quick/product/779feceb-3a67-4d2a-bfcd-1d60afe7eec7.jpg
CJJJCWMY01159,FelineJoy Premium Cat Accessory,automatic pet cat feeder water dispenser,cats,cat-feeding,cat-paradise,5.51,16.53,https://cjdropshipping.com/search.html?keyword=CJJJCWMY01159,https://cf.cjdropshipping.com/20200907/7946095344316.jpg
CJJJCWMY01089,FelineJoy Premium Cat Accessory V2,Cat nail clippers,cats,cat-toys,cat-paradise,5.75,17.23,https://cjdropshipping.com/search.html?keyword=CJJJCWMY01089,https://cf.cjdropshipping.com/20200827/571248498632.png
CJJJCWMY00733,FelineJoy Premium Cat Accessory V3,Cat pet nail clipper,cats,cat-toys,cat-paradise,6.57,19.71,https://cjdropshipping.com/search.html?keyword=CJJJCWMY00733,https://cf.cjdropshipping.com/20200606/744066691329.jpg
CJJJCWMY00934,AdventureTunnel Play Tube,Cat self-hey toy Super long cat tunnel,cats,cat-toys,cat-paradise,8.82,26.46,https://cjdropshipping.com/search.html?keyword=CJJJCWMY00934,https://cf.cjdropshipping.com/20200729/4900383083681.jpg
CJJJCWMY00256,DreamSwing Cat Hammock,Window sill cat hammock,cats,cat-trees-furniture,cat-paradise,8.17,24.51,https://cjdropshipping.com/search.html?keyword=CJJJCWMY00256,https://cf.cjdropshipping.com/20190808/2481133894174.png
CJJJCWMY00664,DreamSwing Cat Hammock V2,Cat window chuck hammock,cats,cat-trees-furniture,cat-paradise,4.69,14.07,https://cjdropshipping.com/search.html?keyword=CJJJCWMY00664,https://cf.cjdropshipping.com/20200516/1841394976584.jpg
CJJT1792515,ScratchHaven Premium Scratching Post,Wear Resistant Cat Scratching Post,cats,cat-trees-furniture,cat-paradise,8.20,24.59,https://cjdropshipping.com/search.html?keyword=CJJT1792515,https://cf.cjdropshipping.com/700efee3-56d3-4960-8415-ce428623b3c5.png
CJMY1152072,CozyDen Enclosed Pet Retreat,Cat Tent Cat Cat House Enclosed Pet Bed,dogs,dog-beds-furniture,new-arrivals;best-sellers;under-20;sale,4.46,13.37,https://cjdropshipping.com/search.html?keyword=CJMY1152072,https://cf.cjdropshipping.com/1622428115167.jpg
CJGY1616904,CloudNest Calming Donut Bed,Fluffy Donut Dog Bed  Warm Soft Long Plush Pet Cushion Dog House Cat  Bed Washable Pet Sofa Mat Calming Samll Large Dog Beds,dogs,dog-beds-furniture,new-arrivals;best-sellers;under-20;calm-comfort,5.34,16.01,https://cjdropshipping.com/search.html?keyword=CJGY1616904,https://cf.cjdropshipping.com/22b5cb96-3439-4460-8131-5ca064381c82.jpg
CJGY1204967,SerenityBed Premium Pet Bed V4,Pet Ice Mat Summer Pet Mat Dog Mat Cat Cooling Mat Pet Supplies Pet Cooling Supplies Pet Mat,dogs,dog-beds-furniture,under-20,5.91,17.73,https://cjdropshipping.com/search.html?keyword=CJGY1204967,https://cf.cjdropshipping.com/b0e4f423-7703-411d-84ec-b520cb3bbf7d.jpg
CJGY1905630,PlushDream Comfort Bed,Plush Round Pet Bed Dog Bed Winter,dogs,dog-beds-furniture,premium-collection;calm-comfort,12.21,36.64,https://cjdropshipping.com/search.html?keyword=CJGY1905630,https://oss-cf.cjdropshipping.com/product/2023/11/25/02/136e8244-f088-4577-89d8-e97bd9ed05a8.jpg
CJJJCWMY01411,SerenityBed Premium Pet Bed,Pet sleep bed,dogs,dog-beds-furniture,premium-collection,9.22,27.67,https://cjdropshipping.com/search.html?keyword=CJJJCWMY01411,https://cf.cjdropshipping.com/16031232/364187887336.jpg
CJJJCWGY01138,SerenityBed Premium Pet Bed V2,Pet Dog Bed,dogs,dog-beds-furniture,premium-collection,9.70,29.09,https://cjdropshipping.com/search.html?keyword=CJJJCWGY01138,https://oss-cf.cjdropshipping.com/product/2025/01/21/08/e83aee73-e3e5-4300-b929-c3dbb1f968ae.jpg
CJMY1569615,HideAway Cave Pet Bed,Donut Cat Tunnel Bed Pets House Natural Felt Pet Cat Cave Interactive Toys Round Wool Felt Pet Bed Cat Training Toy Cat House,dogs,dog-beds-furniture,calm-comfort,8.11,24.33,https://cjdropshipping.com/search.html?keyword=CJMY1569615,https://oss-cf.cjdropshipping.com/product/2025/09/22/06/df154384-2537-4ccd-a377-f875885fba07.jpg
CJGY1142977,SerenityBed Premium Pet Bed V5,Summer Cooling Pet Sleeping Ice Silk Mat,dogs,dog-beds-furniture,,6.08,18.23,https://cjdropshipping.com/search.html?keyword=CJGY1142977,https://cf.cjdropshipping.com/1621926330540.jpg
CJMY1635954,SwingRest Pet Hammock,Macrame Hanging Pet Bed Macrame Cat Hammock Wall Hanging Cat Hammock Macrame Cat Bed-Pet Gifts Hammock Macrame Cat Swing,dogs,dog-beds-furniture,,4.46,13.39,https://cjdropshipping.com/search.html?keyword=CJMY1635954,https://cf.cjdropshipping.com/fbdc54c2-a1ee-447f-ab12-9b8ca5a8b013.jpg
CJGY2034731,SerenityBed Premium Pet Bed V6,Dog Detection Urine Pad,dogs,dog-beds-furniture,premium-collection,9.00,27.00,https://cjdropshipping.com/search.html?keyword=CJGY2034731,https://oss-cf.cjdropshipping.com/product/2024/05/14/01/daf28878-793d-4b9e-8f0f-3a385b77a775.jpg
CJJJCWGY01044,HideAway Cave Pet Bed Mini,High Quality Cat House Beds Kittens Pet Cats Sofa Mats Cozy Bed Toy Dog for Small Kennel Home Cave Sleeping Nest Indoor Products,dogs,dog-beds-furniture,,4.45,13.34,https://cjdropshipping.com/search.html?keyword=CJJJCWGY01044,https://oss-cf.cjdropshipping.com/product/2025/07/19/06/842a45b3-b097-433f-8a56-af2c70cf47d2_fine.jpeg
CJJJCWMY00974,SerenityBed Premium Pet Bed V3,Semi-enclosed pet bed,dogs,dog-beds-furniture,,4.94,14.82,https://cjdropshipping.com/search.html?keyword=CJJJCWMY00974,https://cf.cjdropshipping.com/20200810/3187986859837.jpg
CJMY2080923,CloudNest Calming Donut Bed V2,Calming Cat Beds For Indoor Cats Fluffy Flower Cat Dog Bed In Plush Teddy Sherpa Round Donut Cuddler Puppy Bed  Non Slip Machine Washable Pet Bed,dogs,dog-beds-furniture,premium-collection;calm-comfort,9.88,29.62,https://cjdropshipping.com/search.html?keyword=CJMY2080923,https://cf.cjdropshipping.com/a36e5fbf-b6cc-4a65-95eb-d1c920840e4c.jpg
CJMY1590029,SunView Window Lounger,Cat Hanging Bed Hanging Balcony Window Bedside,dogs,dog-beds-furniture,,6.80,20.40,https://cjdropshipping.com/search.html?keyword=CJMY1590029,https://cf.cjdropshipping.com/3b676722-41fb-40e9-a697-718f99b0e20a.jpg
CJJJCWGY00571,HydroSip Water Dispenser,Pet Dog Bowl Floating Not Wetting Mouth Cat Bowl No Spill Drinking Water Feeder,dogs,dog-bowls-feeders,under-20;sale,3.30,9.90,https://cjdropshipping.com/search.html?keyword=CJJJCWGY00571,https://cf.cjdropshipping.com/20190606/273843814404.png
CJJJCWGY03237,NourishBowl Premium Pet Feeder V4,Dog Sniffing Mat Dog Puzzle Toy Pet Snack Feeding Mat Boring Interactive Game Training Blanket Snuffle Feeding Training Mat,dogs,dog-bowls-feeders,premium-collection,9.24,27.73,https://cjdropshipping.com/search.html?keyword=CJJJCWGY03237,https://cf.cjdropshipping.com/203005/2785699646551.jpg
CJGY1748465,NourishBowl Premium Pet Feeder,Pet Dog Cat Slow Feeder Bowls Anti Choking Slow Feeder Dish Bowl Home Dog Eating Plate Anti Gulping Bowl Supplies,dogs,dog-bowls-feeders,under-20,1.70,5.10,https://cjdropshipping.com/search.html?keyword=CJGY1748465,https://cf.cjdropshipping.com/3d15f29e-52f2-4d5f-bfd5-e5eedb851eec.jpg
CJJJCWGY00495,NourishBowl Premium Pet Feeder V2,Pet Dog Slow Food Feeder Anti Choke Travel Bowl,dogs,dog-bowls-feeders,under-20,3.42,10.26,https://cjdropshipping.com/search.html?keyword=CJJJCWGY00495,https://cf.cjdropshipping.com/20200813/35624813944.png
CJGY1029541,Artisan Ceramic Dining Bowl,Pet Supplies Bowl Ceramic Cat Bowl Dog Bowl Oblique Mouth,dogs,dog-bowls-feeders,,6.38,19.16,https://cjdropshipping.com/search.html?keyword=CJGY1029541,https://cf.cjdropshipping.com/38fc84de-9b07-47a1-8a52-81b5def3ff71.jpg
CJGY2108505,HydroSip Water Dispenser V2,Pet Water Dispenser,dogs,dog-bowls-feeders,,8.11,24.33,https://cjdropshipping.com/search.html?keyword=CJGY2108505,https://oss-cf.cjdropshipping.com/product/2024/08/12/08/55aa9f4d-77ee-48a4-8f2c-1e62cd6d9bc0.jpg
CJYD2080656,NourishBowl Premium Pet Feeder V3,Dog Slow Food Bite-resistant Leakage Food Feeder Dinosaur Egg Bite Dog Toy,dogs,dog-bowls-feeders,,3.16,9.48,https://cjdropshipping.com/search.html?keyword=CJYD2080656,https://oss-cf.cjdropshipping.com/product/2024/07/11/02/8d9f6ecb-4a9a-4c96-830a-471bbe798297.jpg
CJGY1471631,NourishBowl Premium Pet Feeder XL,Snuffle Mat For Small Large Dogs Nosework Feeding Mat Easy To Fill And Machine Washable Training Mats Pet Activity Mat,dogs,dog-bowls-feeders,,7.25,21.75,https://cjdropshipping.com/search.html?keyword=CJGY1471631,https://cf.cjdropshipping.com/3f398351-d78e-4870-a1f2-fd004ba211c9.jpg
CJMY2033515,AquaFlow Pet Water Fountain,Pet Portable Cup Portable Outing Water Fountain,dogs,dog-bowls-feeders,,3.39,10.17,https://cjdropshipping.com/search.html?keyword=CJMY2033515,https://oss-cf.cjdropshipping.com/product/2024/05/12/09/fd40dc8a-cd6d-4f99-842a-f61e57cbe66b_trans.jpeg
CJCJ1653782,PureBowl Stainless Steel Feeder,Dog Double Bowls Stainless Stand Adjustable Height Pets Feeding Dish Bowl Big Dog Elevated Food Water Feeders For Dogs  Pet Products,dogs,dog-bowls-feeders,premium-collection,19.29,57.87,https://cjdropshipping.com/search.html?keyword=CJCJ1653782,https://cf.cjdropshipping.com/fbe4ff7d-4a30-4ec9-bb4f-ee9a918f92bf.jpg
CJMY1231939,SmartFeed Automatic Dispenser,Pet Water Dispenser Intelligent Automatic Circulating Filter Water Dispenser,dogs,dog-bowls-feeders,premium-collection,11.69,35.07,https://cjdropshipping.com/search.html?keyword=CJMY1231939,https://cf.cjdropshipping.com/bc35d13d-3c30-48b6-9b40-458e82090b3e.png
CJGY1008759,PureBowl Stainless Steel Feeder V2,Stainless Steel Dog Bowl Upright Dog Bowl,dogs,dog-bowls-feeders,,6.93,20.79,https://cjdropshipping.com/search.html?keyword=CJGY1008759,https://cf.cjdropshipping.com/1612668024015.jpg
CJJT1508437,ChillWear Cooling Vest,Summer Pet Dog Cooling Vest Heat Resistant Cool Dogs Clothes Breathable Sun-proof Clothing For Small Large Dogs Outdoor Walking,dogs,dog-clothing,new-arrivals;best-sellers;under-20;outdoor-adventures,5.77,17.31,https://cjdropshipping.com/search.html?keyword=CJJT1508437,https://cf.cjdropshipping.com/b7052f26-e933-4fe4-97fe-2d071ecbb64c.jpg
CJGD1000339,PawCouture Premium Pet Apparel,Pet sweater,dogs,dog-clothing,new-arrivals;best-sellers;under-20;sale,3.04,9.12,https://cjdropshipping.com/search.html?keyword=CJGD1000339,https://cf.cjdropshipping.com/1611887471612.jpg
CJYD1890032,TrailPaw All-Weather Boots,Waterproof Dog Shoes Adjustable Dog Boots Pet Breathbale Shoes For Outdoor Walking Soft French Dog Shoes Pets Paws Protector Pet Products,dogs,dog-clothing,new-arrivals;under-20;calm-comfort;outdoor-adventures,6.13,18.41,https://cjdropshipping.com/search.html?keyword=CJYD1890032,https://oss-cf.cjdropshipping.com/product/2024/01/18/06/e61ef4de-26ed-4a8d-80c1-4ba8beffa6ed.jpg
CJGD1350732,StormGuard Waterproof Raincoat,Dog Large Dog Raincoat Pet Jacket,dogs,dog-clothing,under-20,6.45,19.35,https://cjdropshipping.com/search.html?keyword=CJGD1350732,https://cf.cjdropshipping.com/e86cd70a-c77a-4be3-9127-02b5efbca0a9.jpg
CJJJCWGD00074,StormGuard Waterproof Raincoat Pro,Waterproof Reflective Dog Raincoat,dogs,dog-clothing,,5.40,16.21,https://cjdropshipping.com/search.html?keyword=CJJJCWGD00074,https://cf.cjdropshipping.com/20190826/1256552587943.jpg
CJGD1743206,AquaSafe Life Jacket,Swim Pet Dog Life Jacket Vest Clothes Life Vest Collar Harness Pets Swimming Summer Swimwear Scales Shark Pet Products,dogs,dog-clothing,,6.14,18.43,https://cjdropshipping.com/search.html?keyword=CJGD1743206,https://oss-cf.cjdropshipping.com/product/2024/07/04/05/38ebfcdf-9b5f-4d6b-9f24-c8e8b7b4578e.jpg
CJGY2060811,ChillWear Cooling Vest Pro,Pets Dog Vest Chest Strap Harness Air Conditioner Cooling And Breathable With Air Conditioner Pet Products,dogs,dog-clothing,premium-collection,9.46,28.38,https://cjdropshipping.com/search.html?keyword=CJGY2060811,https://oss-cf.cjdropshipping.com/product/2024/07/09/08/3c954bee-b49c-4d5a-a0fa-0fd32b78951f.jpg
CJJJCWGY00679,AquaSafe Life Jacket V2,Dog Life Vest Summer Shark Pet Life Jacket,dogs,dog-clothing,,5.25,15.77,https://cjdropshipping.com/search.html?keyword=CJJJCWGY00679,https://cf.cjdropshipping.com/15674400/22060957453200.jpg
CJJJCWGD00048,TrailPaw All-Weather Boots V2,Dog Thick Snow Boots Keep Warm Teddy Autumn And Winter VIP Shoes,dogs,dog-clothing,,5.65,16.95,https://cjdropshipping.com/search.html?keyword=CJJJCWGD00048,https://cf.cjdropshipping.com/202907/3089435351044.png
CJGD1554711,PetiteCharm Fashion Dress,Pet Supplies Clothing Dog Dress Tuxedo,dogs,dog-clothing,,5.20,15.59,https://cjdropshipping.com/search.html?keyword=CJGD1554711,https://cf.cjdropshipping.com/05cfc68d-b3d8-45f1-b24b-3415768dc93f.jpg
CJGD2040116,PawCouture Premium Pet Apparel V2,Pet Football Pattern Fish Tail Life Jacket,dogs,dog-clothing,,5.36,16.07,https://cjdropshipping.com/search.html?keyword=CJGD2040116,https://oss-cf.cjdropshipping.com/product/2024/05/21/03/1a120361-4e4e-434a-801b-7f69dd3cf624_fine.jpeg
CJYD2087710,CozyWrap Winter Scarf,Pet Dog Comforter Headband Scarf,dogs,dog-clothing,,1.36,4.08,https://cjdropshipping.com/search.html?keyword=CJYD2087710,https://oss-cf.cjdropshipping.com/product/2024/07/19/05/87431375-a5f8-4a38-a50f-ef6655bf2791_trans.jpeg
CJQC1084311,WhiskerWalk Cat Harness Set,Adjustable Pet Cat Dog Car Seat Belt Pet Seat Vehicle Dog Harness Lead Clip Safety Lever Traction Dog Collars Dogs Accessoires Pets Products,dogs,dog-collars-leashes,new-arrivals;best-sellers;under-20;walk-train;sale,0.53,1.59,https://cjdropshipping.com/search.html?keyword=CJQC1084311,https://cf.cjdropshipping.com/1618642315250.jpg
CJJJCWGY02561,FreeStride No-Pull Harness,Personalized Dog Harness NO PULL Reflective Breathable Adjustable Pet Harness Vest For Small Large Dog Custom Patch Pet Supplies,dogs,dog-collars-leashes,new-arrivals;best-sellers;under-20;outdoor-adventures;walk-train;sale,3.22,9.66,https://cjdropshipping.com/search.html?keyword=CJJJCWGY02561,https://cf.cjdropshipping.com/b00156f4-9ad6-4a4e-a688-8e4b4a90c93f.jpg
CJGX1318150,FreeStride No-Pull Harness V2,Dog Harness No Pull Breathable Reflective Pet Harness Vest,dogs,dog-collars-leashes,new-arrivals;best-sellers;under-20;outdoor-adventures;walk-train;sale,4.99,14.98,https://cjdropshipping.com/search.html?keyword=CJGX1318150,https://cf.cjdropshipping.com/e5622d5b-4a22-4ac6-8d55-54f5c63af6c0.jpg
CJPH2274498,TactiGrip Military-Grade Harness,"Pet Dog Anti-breakaway And Anti-rush Reflective Breathable Chest Harness For Walking Medium And Large Dogs, Tactical Chest Harness",dogs,dog-collars-leashes,premium-collection;walk-train,9.38,28.14,https://cjdropshipping.com/search.html?keyword=CJPH2274498,https://cf.cjdropshipping.com/7059fa71-613d-4ed6-8a98-fa39d528b684.jpg
CJJJCWGX00096,FreeStride No-Pull Harness XL,Personalized Custom Reflective Breathable Dog Harness NO PULL Adjustable Pet Harness For Small Large Dog Harness Vest With Patch,dogs,dog-collars-leashes,walk-train,5.08,15.23,https://cjdropshipping.com/search.html?keyword=CJJJCWGX00096,https://cf.cjdropshipping.com/2052/1849480627037.jpg
CJCC1285699,TactiGrip Military-Grade Harness V2,Ihrtrade Tactical Dog Harness Molle System Vest Adjustable Military,dogs,dog-collars-leashes,premium-collection;walk-train,11.80,35.40,https://cjdropshipping.com/search.html?keyword=CJCC1285699,https://oss-cf.cjdropshipping.com/product/2025/01/11/10/55c588fa-416e-4070-8d29-a0e893ef44e0.jpg
CJHD1098901,TactiGrip Military-Grade Harness V3,Military Tactical Dog Harness Service Working Pet Dog,dogs,dog-collars-leashes,walk-train,6.42,19.27,https://cjdropshipping.com/search.html?keyword=CJHD1098901,https://cf.cjdropshipping.com/1619399199235.jpg
CJJJCWGY00630,IronLink Chain Leash,Bicycle Walking Dog Leash Dog Chain Loading and Unloading Leash Dog Pet Supplies ,dogs,dog-collars-leashes,walk-train,7.67,23.01,https://cjdropshipping.com/search.html?keyword=CJJJCWGY00630,https://cf.cjdropshipping.com/20190725/1805574335041.png
CJGX1520671,WalkReady Premium Pet Gear,Pet Supplies Dog Reflective Buffer Retractable Car Seat Belt,dogs,dog-collars-leashes,walk-train,3.37,10.11,https://cjdropshipping.com/search.html?keyword=CJGX1520671,https://cf.cjdropshipping.com/547dcad1-8b15-4247-8637-89ffc75aa264.jpg
CJGX1495159,FlexiLead Retractable Leash,Pet Dog Supplies Automatic Retractable Leash,dogs,dog-collars-leashes,walk-train,3.60,10.80,https://cjdropshipping.com/search.html?keyword=CJGX1495159,https://cf.cjdropshipping.com/e4a172f6-812a-4b0d-8aec-212a6ff2c3e6.jpg
CJJJCWGX00105,Heritage Leather Collar,Leather dog with black spikes in a large dog collar,dogs,dog-collars-leashes,walk-train,6.69,20.07,https://cjdropshipping.com/search.html?keyword=CJJJCWGX00105,https://cf.cjdropshipping.com/20190805/228137970193.png
CJGY1680710,ComfortFit Adjustable Harness,Dog Running Harness,dogs,dog-collars-leashes,walk-train,7.16,21.49,https://cjdropshipping.com/search.html?keyword=CJGY1680710,https://cf.cjdropshipping.com/f8077d6a-4392-4ac1-a02f-3b29c078b513.jpg
CJJJCWGX00311,Heritage Premium Walking Leash,Rhinestone Bling Leather Dog Cat Collar & Leash,dogs,dog-collars-leashes,walk-train,3.83,11.48,https://cjdropshipping.com/search.html?keyword=CJJJCWGX00311,https://cf.cjdropshipping.com/20200509/54949635391.jpg
CJGX1185638,PetiteGrip Small Dog Harness,Breathable Dog Harness With Small Sling Suitable For Small And Medium-sized Dogs,dogs,dog-collars-leashes,walk-train,3.48,10.44,https://cjdropshipping.com/search.html?keyword=CJGX1185638,https://cf.cjdropshipping.com/2ec75382-5d1b-44b8-8342-3695c5b46c0f.jpg
CJGY1742809,WhiskerWalk Cat Harness Set Mini,Automatic Explore Retractable Dog Leash Pet Traction Rope 5M Dog Retractable Traction Rope Dog Leash Cat Puppy Harness Belt Automatic Flexible Small Medium Dogs Pet Products,dogs,dog-collars-leashes,walk-train,13.78,41.34,https://cjdropshipping.com/search.html?keyword=CJGY1742809,https://cf.cjdropshipping.com/a3c09cca-7a88-4f7f-88bc-7dd486edb786.jpg
CJMY1293954,VestFit Breathable Harness,New Dog Harness And Leash Set Woven Fabric Cat And Puppy Vest Harness Leads To Small Medium-Sized Dogs Traction In Pet Clothes,dogs,dog-collars-leashes,walk-train,2.45,7.35,https://cjdropshipping.com/search.html?keyword=CJMY1293954,https://cf.cjdropshipping.com/12a70eed-2e1a-48ae-9602-407716d1185b.jpg
CJGY1281703,SpaTouch Silicone Bath Brush,Silicone Dog Bath Massage Gloves Brush Pet Cat Bathroom Cleaning Tool Comb Brush For Dog Can Pour Shampoo Dog Grooming Supplies,dogs,dog-grooming,new-arrivals;best-sellers;under-20;grooming-spa;sale,4.50,13.50,https://cjdropshipping.com/search.html?keyword=CJGY1281703,https://cf.cjdropshipping.com/634d43a5-5040-40d6-a1ad-b31ca170060e.png
CJMY1547493,GentleGroom Professional Brush,"Pet Pumpkin Brush, Pet Grooming Self Cleaning Slicker Brush For Dogs Cats Puppy Rabbit, Cat Brush Grooming Gently Removes Loose Undercoat, Mats Tangled Hair Slicker Brush",dogs,dog-grooming,new-arrivals;best-sellers;premium-collection;grooming-spa,9.98,29.94,https://cjdropshipping.com/search.html?keyword=CJMY1547493,https://cf.cjdropshipping.com/17236800/1823973240671047680.jpg
CJGY1765347,PawFresh Cleaning Cup,2 In 1 Dog Paw Cleaner Cup Soft Pet Dog Foot Cleaning Washer Brush Cup Portable Pet Foot Washer Paw Clean Brush Foot Cleaning Bucket Pet Products,dogs,dog-grooming,best-sellers;under-20;calm-comfort;outdoor-adventures;grooming-spa;sale,2.05,6.15,https://cjdropshipping.com/search.html?keyword=CJGY1765347,https://cf.cjdropshipping.com/c1495f39-9a0d-4153-8b73-b8b1ea2826f3.jpg
CJJJCWGY00518,GroomPro Premium Pet Care Tool,Pet Dog Shower Head Handheld Cat Bathing Shower Tool,dogs,dog-grooming,best-sellers;under-20;grooming-spa;sale,4.80,14.40,https://cjdropshipping.com/search.html?keyword=CJJJCWGY00518,https://cf.cjdropshipping.com/20200918/6826475760928.jpg
CJGY1675701,PawPerfect Nail Grooming Kit,Pet Nail Clippers Dog Nail Clippers Cat Nail Clippers LED Electric Nail Grinder Pet Supplies LED Light Pet Nail Clippers,dogs,dog-grooming,premium-collection;grooming-spa,11.07,33.21,https://cjdropshipping.com/search.html?keyword=CJGY1675701,https://oss-cf.cjdropshipping.com/product/2024/07/31/02/e28bbc78-b937-4f02-907b-892a2dd4e546_fine.jpeg
CJJJCWGY00462,SilkStroke Detangling Comb,Stainless Double-sided Pet Brush Hair Removal Comb Grooming Dematting Dog Grooming Shedding Tools,dogs,dog-grooming,under-20;grooming-spa,3.75,11.25,https://cjdropshipping.com/search.html?keyword=CJJJCWGY00462,https://cf.cjdropshipping.com/6349e488-d888-464b-b516-50cad874017e.jpg
CJJT1430071,QuickDry Pet Grooming Dryer,Dadypet Pet Dog Hair Dryer Grooming Dryer Slicker Brush,dogs,dog-grooming,premium-collection;grooming-spa,10.99,32.98,https://cjdropshipping.com/search.html?keyword=CJJT1430071,https://cf.cjdropshipping.com/72c3121d-6626-4394-92f1-c6565ba31410.jpg
CJGY1263034,QuickDry Pet Grooming Dryer V2,Pet Comb Hair Dryer,dogs,dog-grooming,premium-collection;grooming-spa,13.55,40.65,https://cjdropshipping.com/search.html?keyword=CJGY1263034,https://cf.cjdropshipping.com/f39946c0-1395-4b93-9ad5-360d9ec5469b.jpg
CJJT1334026,QuickDry Pet Grooming Dryer Pro,Household Dog Teddy Pet Hair Dryer Grooming Products,dogs,dog-grooming,premium-collection;grooming-spa,11.21,33.64,https://cjdropshipping.com/search.html?keyword=CJJT1334026,https://cf.cjdropshipping.com/e82cd74d-4e52-4ce6-833a-f36a13df90b2.jpg
CJJJCWMY00001,GentleGroom Professional Brush V2,Cat Self-Grooming Brush Pet Wall Rubbing Device,dogs,dog-grooming,grooming-spa,1.79,5.38,https://cjdropshipping.com/search.html?keyword=CJJJCWMY00001,https://cf.cjdropshipping.com/762ed798-1506-4c40-aa3a-8c20dd51d736.png
CJJJCWGY01342,PawFresh Cleaning Cup V2,Portable Pet Paw Cleaner Cup Soft Silicone Comb,dogs,dog-grooming,calm-comfort;grooming-spa,2.37,7.11,https://cjdropshipping.com/search.html?keyword=CJJJCWGY01342,https://cf.cjdropshipping.com/20200420/458688025043.jpg
CJYD1867268,FleaGuard Fine-Tooth Comb,Dog Grooming Comb Comfortable Pet Small Lice Flea Combs Universal Shedding Brush Shell Comb Removes Tangles For Dogs Rabbit Pets Products,dogs,dog-grooming,calm-comfort;grooming-spa,0.57,1.71,https://cjdropshipping.com/search.html?keyword=CJYD1867268,https://oss-cf.cjdropshipping.com/product/2023/10/30/07/7e730c5d-7b99-4c8b-8ddf-884c6ac62d42.jpg
CJYD2046032,SilkStroke Detangling Comb Pro,2 In 1 Self Cleaning Dog Brush Comb With Spray Pets Grooming Hair Remover Combs Brush Floating Hair Pet Grooming Brush Pet Products,dogs,dog-grooming,grooming-spa,0.77,2.29,https://cjdropshipping.com/search.html?keyword=CJYD2046032,https://oss-cf.cjdropshipping.com/product/2024/06/06/02/d3abd1fb-a6eb-4856-9808-e5f90d25cc77.jpg
CJJJJTYS01892,ShedFree Professional Deshedding Brush,Soft Silicone Bristles Cat Dog Bath Brush Comb Scrubber Shampoo Dispenser For Pet Grooming Deshedding For Pet Washing,dogs,dog-grooming,calm-comfort;grooming-spa,1.38,4.12,https://cjdropshipping.com/search.html?keyword=CJJJJTYS01892,https://cf.cjdropshipping.com/20200814/2514535495038.jpg
CJJJCWGY01012,PawFresh Cleaning Cup V3,Shiba Inu paw cleaner,dogs,dog-grooming,grooming-spa,4.35,13.04,https://cjdropshipping.com/search.html?keyword=CJJJCWGY01012,https://cf.cjdropshipping.com/20200109/895808867071.jpg
CJJT1436076,GentleEar Cleaning Solution,Visual Ear Spoon Ear Cleaner Luminous Ear Picking Stick,dogs,dog-grooming,premium-collection;grooming-spa,10.27,30.82,https://cjdropshipping.com/search.html?keyword=CJJT1436076,https://cf.cjdropshipping.com/25931a39-8e6f-4e70-a51d-c72b1b1be571.jpg
CJGD1236315,ZenCalm Anxiety Relief Aid,Anxiety Jacket Vest Summer Medical Treatment To Calm Down Cat Clothes Dog Comfort Clothes,dogs,dog-health-wellness,calm-comfort,8.30,24.91,https://cjdropshipping.com/search.html?keyword=CJGD1236315,https://cf.cjdropshipping.com/eac287b9-cba0-4a7c-8a48-afe21aafb01d.jpg
CJGX1718415,WellPet Premium Health Care,Pet Soothing Calming Collar Cat,dogs,dog-health-wellness,calm-comfort,3.99,11.96,https://cjdropshipping.com/search.html?keyword=CJGX1718415,https://cf.cjdropshipping.com/370ebcb1-f06a-4f66-bad0-624f477eb0ec.jpg
CJJJJTYS00570,FreshBite Pet Toothpaste,Pressed toothpaste whitening bottled toothpaste,dogs,dog-health-wellness,,3.69,11.07,https://cjdropshipping.com/search.html?keyword=CJJJJTYS00570,https://cf.cjdropshipping.com/15633792/3491804468553.jpg
CJYD2332757,WellPet Premium Health Care V6,Pet Dog Repeller Ultrasonic Dog Training Device Rechargeable Anti Dog Bark Deterrent Device With LED Flashlight Pets Supplies,dogs,dog-health-wellness,,5.31,15.93,https://cjdropshipping.com/search.html?keyword=CJYD2332757,https://oss-cf.cjdropshipping.com/product/2025/09/08/07/ff539997-d1c1-40d6-9878-a1f0d67a3c9d.jpg
CJGD2086674,WellPet Premium Health Care V2,Pet Clothes Dog Anxiety Jacket Warm Vest,dogs,dog-health-wellness,calm-comfort,6.82,20.47,https://cjdropshipping.com/search.html?keyword=CJGD2086674,https://oss-cf.cjdropshipping.com/product/2024/07/18/02/d05a00c3-3de6-4ee4-b8fc-5965ff3d52d1.jpg
CJYDQTLY00217,WellPet Premium Health Care V3,First-aid Tent Insulation Mat,dogs,dog-health-wellness,premium-collection,12.21,36.62,https://cjdropshipping.com/search.html?keyword=CJYDQTLY00217,https://cf.cjdropshipping.com/15610464/6742740910104.jpg
CJJJCWGY01502,FreshBite Pet Toothpaste V2,Dog toothpaste for pet toothpaste,dogs,dog-health-wellness,,3.19,9.58,https://cjdropshipping.com/search.html?keyword=CJJJCWGY01502,https://cf.cjdropshipping.com/20200430/2300965838902.jpg
CJYD1884483,WellPet Premium Health Care XL,Pet Dog Jumpsuit Medium Large Dog Pajamas Anxiety,dogs,dog-health-wellness,,3.61,10.83,https://cjdropshipping.com/search.html?keyword=CJYD1884483,https://cf.cjdropshipping.com/quick/product/2378fc36-05a8-4ac1-9a73-9b0c231e5dfd.jpg
CJJJCWGY01546,WellPet Premium Health Care V7,Dog paw print pet mattress,dogs,dog-health-wellness,,4.48,13.44,https://cjdropshipping.com/search.html?keyword=CJJJCWGY01546,https://cf.cjdropshipping.com/20200504/130121557640.jpg
CJYD2529114,WellPet Premium Health Care V5,Pepper Body Supplements Supplement Energy,dogs,dog-health-wellness,,6.81,20.42,https://cjdropshipping.com/search.html?keyword=CJYD2529114,https://oss-cf.cjdropshipping.com/product/2025/09/13/02/c09df143-d019-46a2-91c9-6849dfb6d4dd.jpg
CJJJCWGY01607,BrainPlay Interactive Puzzle Toy,Dog Puzzle Toys Increase IQ Interactive Slow Dispensing Feeding Dog Training Games Feeder For Small Medium Dog Pet Training Toy,dogs,dog-toys-enrichment,new-arrivals;under-20;interactive-play;sale,4.31,12.93,https://cjdropshipping.com/search.html?keyword=CJJJCWGY01607,https://cf.cjdropshipping.com/722e8bb7-60e4-4a4e-b05c-d01f443fa442.png
CJMY1337322,ForageFind Snuffle Mat,Pet Dog Toys Carrot Plush Toy Vegetable Chew Toy For Dogs Snuffle Mat For Dogs Cats Durable Chew Puppy Toy Dogs Accessories,dogs,dog-toys-enrichment,premium-collection;calm-comfort;interactive-play,17.23,51.70,https://cjdropshipping.com/search.html?keyword=CJMY1337322,https://cf.cjdropshipping.com/f399b211-3429-4b21-a770-4c3fd8f29384.jpg
CJJT1403966,WhiskerBliss Catnip Enrichment Toy Mini,Cat Treats Dispenser Cat Treat Dispenser Toy Catnip Cat Toy Cat Nips Spring Toy Cat Small Dog Slow Feeder Treat Dispenser Pet Toys,dogs,dog-toys-enrichment,under-20;interactive-play,5.60,16.80,https://cjdropshipping.com/search.html?keyword=CJJT1403966,https://cf.cjdropshipping.com/138d213c-4ac5-4725-9984-828c01892584.jpg
CJGY1115537,SquealDelight Squeaky Plush Toy,Pet Toy Donkey Shape Corduroy Chew Toy For Dogs Puppy Squeaker Squeaky Plush Bone Molar Dog Toy Pet Training Dog,dogs,dog-toys-enrichment,under-20;calm-comfort;interactive-play;sale,3.48,10.43,https://cjdropshipping.com/search.html?keyword=CJGY1115537,https://oss-cf.cjdropshipping.com/product/2024/04/16/06/a6d6cdc3-4af8-494f-8e96-cb03df6fa3cd.jpg
CJGY1298399,ForageFind Snuffle Mat V2,Dog Sniffing Training Blanket Snuffle Ball Mat Detachable Pads Puzzle Toy Pet Supplies For Dogs Cats,dogs,dog-toys-enrichment,under-20;interactive-play,4.10,12.30,https://cjdropshipping.com/search.html?keyword=CJGY1298399,https://cf.cjdropshipping.com/f1c3f29a-97fd-446c-b810-f048a95eab8d.jpg
CJMY1123150,LaserChase Interactive Cat Toy,Auto-Rotating Laser Funny Cat Toy,dogs,dog-toys-enrichment,interactive-play,6.83,20.49,https://cjdropshipping.com/search.html?keyword=CJMY1123150,https://cf.cjdropshipping.com/1620715051176.jpg
CJYD2294948,TreatQuest Dispensing Puzzle Toy,Dog Puzzle Feeder Interactive Pet Food Treat Dispenser Cartoon Duck Design Anti-slip Pets Automatic Feeder Toys For Dog Training Pet Products,dogs,dog-toys-enrichment,interactive-play,5.64,16.92,https://cjdropshipping.com/search.html?keyword=CJYD2294948,https://oss-cf.cjdropshipping.com/product/2025/05/26/07/e895da1c-f45f-48be-9179-0557b5fb2b28.jpg
CJGX1639057,LaserChase Interactive Cat Toy Set,Automatic Cat Teaser Kitty Laser Pen Light Laser Light Infrared Funny Pet Toy,dogs,dog-toys-enrichment,interactive-play,5.26,15.78,https://cjdropshipping.com/search.html?keyword=CJGX1639057,https://cf.cjdropshipping.com/6dc29ac7-4fb7-4271-b34b-354e2ab0c91f.jpg
CJMY1647505,LaserChase Interactive Cat Toy V3,Automatic Laser Cat Pole Toy LED Red Laser Toy,dogs,dog-toys-enrichment,interactive-play,7.17,21.51,https://cjdropshipping.com/search.html?keyword=CJMY1647505,https://cf.cjdropshipping.com/ad41e291-d7b5-49f8-9a62-3fdf708032f0.jpg
CJJJCWMY00245,LaserChase Interactive Cat Toy V4,Creative Cat Pet LED Laser Funny Toy Smart Automatic Cat Exercise Training Entertaining Toy,dogs,dog-toys-enrichment,interactive-play,12.44,37.32,https://cjdropshipping.com/search.html?keyword=CJJJCWMY00245,https://cf.cjdropshipping.com/15613056/11966702800089.jpg
CJGY1680666,PlayZen Premium Enrichment Toy,Dog Ramp,dogs,dog-toys-enrichment,interactive-play,10.28,30.84,https://cjdropshipping.com/search.html?keyword=CJGY1680666,https://cf.cjdropshipping.com/2a5a7d27-2b8f-4334-923e-ccd3ef27d644.jpg
CJPB2203192,PlayZen Premium Enrichment Toy V2,Pet Slow Food Bowl 3-Layers Puzzle Puppy Anti-choking Non-slip Feeder Puzzle Bowl Dog Slow Eating Interactive Toy Pet Supplies,dogs,dog-toys-enrichment,interactive-play,4.94,14.82,https://cjdropshipping.com/search.html?keyword=CJPB2203192,https://cf.cjdropshipping.com/313d750c-d4b5-4c25-bec2-5bde21fcfbc8.jpeg
CJMY2098496,PlayZen Premium Enrichment Toy Mini,Interactive Cat Toy Puzzle Toy Pet Slow Feeder For Bored Indoor Cat Small Medium Dog,dogs,dog-toys-enrichment,interactive-play,3.56,10.68,https://cjdropshipping.com/search.html?keyword=CJMY2098496,https://cf.cjdropshipping.com/eef23ccc-5a8f-4d86-be30-92a02e93ae63.jpg
CJGY2153500,FlexiChew Natural Rubber Toy,Natural Rubber Chew Toy Suitable For Aggressive Dogs - Durable And Long-Lasting Suitable For Dogs Chewing Heavy Objects,dogs,dog-toys-enrichment,interactive-play,3.95,11.85,https://cjdropshipping.com/search.html?keyword=CJGY2153500,https://cf.cjdropshipping.com/8afbc5e9-37a9-4e01-b5b0-6fe27f2e62ea.jpeg
CJGY2117464,BounceJoy Durable Play Ball,"The Mellow Dog Calming Ball Mellow Dog Tennis Ball, Mellow Dog Emotional Support Ball",dogs,dog-toys-enrichment,interactive-play,4.94,14.82,https://cjdropshipping.com/search.html?keyword=CJGY2117464,https://cf.cjdropshipping.com/d52b2f6c-8d6e-4df4-9724-367358cb34e6.jpg
CJYD2718713,WhiskerBliss Catnip Enrichment Toy,Cat Catnip Teething Stick Raffia Pet Toy,dogs,dog-toys-enrichment,interactive-play,3.99,11.97,https://cjdropshipping.com/search.html?keyword=CJYD2718713,https://oss-cf.cjdropshipping.com/product/2026/01/08/09/a08c35dd-e774-4d58-9021-57dc0c32ea02_trans.jpeg
CJJJCWGY02714,TrailSip Portable Water Bottle,Pet Water Bottle Feeder Bowl Garbage Bag Storage Portable Pet Outdoor Travel 3 In 1 Dog Water Bottle,dogs,dog-travel,new-arrivals;best-sellers;travel-essentials;outdoor-adventures,7.87,23.61,https://cjdropshipping.com/search.html?keyword=CJJJCWGY02714,https://cf.cjdropshipping.com/1d82af07-a24e-44cb-83d7-561c32014385.jpg
CJJT1705040,ExploreMore Outdoor Pet Gear Pro,Portable Lightweight Dog Pooper Scooper With Built-in Poop Bag Dispenser Eight-claw Shovel For Pet Toilet Picker Pet Products,dogs,dog-travel,new-arrivals;best-sellers;under-20;travel-essentials;outdoor-adventures,5.98,17.93,https://cjdropshipping.com/search.html?keyword=CJJT1705040,https://cf.cjdropshipping.com/3979345b-bdd0-479f-99c0-7a0076f908dc.jpg
CJHS1620474,TrailSip Portable Water Bottle V2,Pet Dog Water Bottle Feeder Bowl Portable Water Food Bottle Pets Outdoor Travel Drinking Dog Bowls Water Bowl For Dogs,dogs,dog-travel,new-arrivals;best-sellers;under-20;travel-essentials;outdoor-adventures;sale,2.58,7.73,https://cjdropshipping.com/search.html?keyword=CJHS1620474,https://cf.cjdropshipping.com/da845084-2fdb-474d-a7a8-4d89db938831.jpg
CJHS1704134,TrailSip Portable Water Bottle Pro,Dog Portable Water Bottle Foldable Pet Water Dispenser Pet Products,dogs,dog-travel,new-arrivals;best-sellers;under-20;travel-essentials;outdoor-adventures;sale,3.33,9.99,https://cjdropshipping.com/search.html?keyword=CJHS1704134,https://cf.cjdropshipping.com/0edaa523-c51d-4e75-83f4-e823519b011e.jpg
CJGY1743101,TrailSip Portable Water Bottle Pro,Portable Cat Dog Water Bottle Food Feeder Drinker Poop Dispenser 3 In 1 Leak-proof Multifunctional Dog Water Bottle Pet Products,dogs,dog-travel,new-arrivals;best-sellers;under-20;travel-essentials;outdoor-adventures,6.43,19.29,https://cjdropshipping.com/search.html?keyword=CJGY1743101,https://cf.cjdropshipping.com/6853a62a-287d-40ca-8e6a-137a8e4bd1d7.jpg
CJJJCWMY01163,GoFeed Collapsible Travel Bowl,Portable Dog Bowl Pet Floating Bowl Splash-proof,dogs,dog-travel,under-20;travel-essentials;outdoor-adventures,5.09,15.27,https://cjdropshipping.com/search.html?keyword=CJJJCWMY01163,https://cf.cjdropshipping.com/20200908/3175375724395.jpg
CJGY1750257,TrailSip Portable Water Bottle V5,New Portable Pet Dog Water Bottle Soft Silicone Leaf Design For Dog Pets Outdoor Travel Drinking Bowls Water Dispenser,dogs,dog-travel,under-20;travel-essentials;calm-comfort;outdoor-adventures,6.39,19.17,https://cjdropshipping.com/search.html?keyword=CJGY1750257,https://cf.cjdropshipping.com/ec09e98a-16d3-422f-9b56-111a0273e81d.jpg
CJGY1221261,ExploreMore Outdoor Pet Gear V3,Pet Dog Poop Bag Dispenser Travel Foldable Poop Spoon,dogs,dog-travel,under-20;travel-essentials;outdoor-adventures,5.79,17.38,https://cjdropshipping.com/search.html?keyword=CJGY1221261,https://cf.cjdropshipping.com/aa2ec72d-d5a3-461f-b18a-703af88669d1.jpg
CJMY1838641,GoFeed Collapsible Travel Bowl V2,Portable Silicone Double Dog Food Bowls Foldable Non-Slip Cat Bowl Pet Travel Anti-Choking Feeding Bowl Outdoor,dogs,dog-travel,under-20;travel-essentials;outdoor-adventures;sale,4.53,13.59,https://cjdropshipping.com/search.html?keyword=CJMY1838641,https://oss-cf.cjdropshipping.com/product/2023/12/13/01/cec7524c-8df5-4c67-a922-ccf1202040f4.jpg
CJJJCWGY02426,VentureCarry Pet Backpack Carrier,Pet Dog Carrier Bag Carrier For Dogs Backpack Out Double Shoulder Portable Travel Backpack Outdoor Dog Carrier Bag Travel,dogs,dog-travel,premium-collection;travel-essentials,10.83,32.49,https://cjdropshipping.com/search.html?keyword=CJJJCWGY02426,https://cf.cjdropshipping.com/15955200/1109357003104.jpg
CJJJCWGY00168,VentureCarry Pet Backpack Carrier Set,Shoulder Pet Bag Outdoor Carrier Messenger Bag Pet Backpack,dogs,dog-travel,travel-essentials,4.20,12.60,https://cjdropshipping.com/search.html?keyword=CJJJCWGY00168,https://cf.cjdropshipping.com/15283008/1101806472525.png
CJGY2006030,ExploreMore Outdoor Pet Gear,Dog Car Mat Pet Car Mats Trunk Rear Seat,dogs,dog-travel,travel-essentials,4.57,13.72,https://cjdropshipping.com/search.html?keyword=CJGY2006030,https://cf.cjdropshipping.com/quick/product/e2e92d09-cc53-4f83-849b-6c64ccbbc66c.jpg
CJJT1285177,ScoopEase Litter Cleaning Tool,Removable Plastic Integrated Cat Litter Scoop Set,home-cleaning,cleaning-supplies,,7.16,21.48,https://cjdropshipping.com/search.html?keyword=CJJT1285177,https://cf.cjdropshipping.com/cc034a41-218e-4725-91db-cb213393431f.jpg
CJYD2260869,DeepClean Carpet Pet Stain Remover V2,Pet Hair Cleaner Carpet Household Floor Brush Wiper,home-cleaning,cleaning-supplies,,4.73,14.20,https://cjdropshipping.com/search.html?keyword=CJYD2260869,https://cf.cjdropshipping.com/quick/product/bcbe5577-fbe8-4332-87ab-681c504150b4.jpg
CJGY1942967,CleanCatch Mess Control Mat,Pet Dog Sofa Bed Dog Beds For Large Dogs Cushion Warm Cat Beds Mat Furniture Protector Dog Sofa,home-cleaning,home-protection,premium-collection,9.12,27.36,https://cjdropshipping.com/search.html?keyword=CJGY1942967,https://oss-cf.cjdropshipping.com/product/2024/02/26/05/ec37b2eb-4bd1-49c3-a49a-fb2f6047edcf.jpg
CJGY1548160,SafeZone Pet Safety Gate,Pets Dog Cat Baby Safety Gate Mesh Fence Magic Portable Guard Net Stairs Doors,home-cleaning,home-protection,,13.78,41.34,https://cjdropshipping.com/search.html?keyword=CJGY1548160,https://cf.cjdropshipping.com/16981056/1716718081591742464.jpg
CJGY1035039,FurFree Reusable Lint Remover,2-1 Reusable Pet Hair Remover Brush Lint Roller Portable Effective Self Cleaning Tool for Cat Dog Fur Hair Dust Removal Brush,home-cleaning,pet-hair-removal,new-arrivals;best-sellers;premium-collection;outdoor-adventures,9.55,28.66,https://cjdropshipping.com/search.html?keyword=CJGY1035039,https://cf.cjdropshipping.com/1615203197971.jpg
CJYD2332008,HomePure Pet Cleaning Solution,Pet Hair Remover Mitt Pet Hair Remover Gloves Deshedding Brush Glove For Dog Cat Rabbit With Long Short Curly Hair,home-cleaning,pet-hair-removal,new-arrivals;best-sellers;under-20;sale,3.77,11.29,https://cjdropshipping.com/search.html?keyword=CJYD2332008,https://oss-cf.cjdropshipping.com/product/2025/05/26/06/6b2a1028-7824-48d5-ab95-a342d69ec7cc.jpg
CJJT1482251,FurFree Reusable Lint Remover V2,Lint Roller Hair Remover Ball Reusable Gel Lint Roller For Pet Hair Upgrading Reusable Lint Rollers Washable Sticky Roller Ball,home-cleaning,pet-hair-removal,new-arrivals;best-sellers;premium-collection,9.70,29.09,https://cjdropshipping.com/search.html?keyword=CJJT1482251,https://oss-cf.cjdropshipping.com/product/2025/07/14/07/f1c1ad81-07ce-4d2a-a2a3-ce06e06c5887.jpg
CJMY1648218,HomePure Pet Cleaning Solution V2,New Pet Hair Roller Remover Lint Brush 2-Way Dog Cat Comb Tool Convenient Cleaning Dog Cat Fur Brush Base Home Furniture Sofa,home-cleaning,pet-hair-removal,,1.51,4.53,https://cjdropshipping.com/search.html?keyword=CJMY1648218,https://cf.cjdropshipping.com/19e11e54-59f1-42d5-aca5-5d27565750be.jpg
CJHR2255072,DeepClean Carpet Pet Stain Remover,"Pet Hair Remover, Dog Cat Hair Remover, Lint Cleaner Pro, Fur Removal Tool, Portable Carpet Scraper, Fuzz Rollers Hairball Shaver Brush For Carpets, Car Mat, Couch, Pet Bed, Furniture & Rug",home-cleaning,pet-hair-removal,,3.46,10.38,https://cjdropshipping.com/search.html?keyword=CJHR2255072,https://cf.cjdropshipping.com/a6944243-d4f1-4f24-adc3-d94f8325e0a0.jpg
