"post_number","scheduled_date","product_name","category","caption","image_url","additional_images","product_link","price","on_sale","post_type"
"1","2026-03-27 10:00","Dog Snuffle Mat — Nosework Training","Pet Toy Set","🔥 SALE ALERT! Dog Snuffle Mat — Nosework Training — was $18.13, now just $14.87!

Premium quality at an affordable price — your pet will love it!

Don't miss out — limited time only!

🛒 Shop: https://pawzenpets.shop/usd/products/snuffle-mat-for-small-large-dogs-nosework-feeding-mat-easy-to-fill-and-machine-w
🔗 All products: https://pawzenpets.shop | @pawzenpets.shop

#PawzenPets #PawzenLife #HappyPetHappyLife #PetSupplies #PetLovers #PetParent #FurBaby #PetShop #AdoptDontShop #PetLover #Instadog #DogMom #DogDad #PetParent #PetsOfInstagram","https://api.pawzenpets.shop/media/thumbnails/products/import-1773112323644-xxj1_30c48e99_thumbnail_1024.jpg","https://api.pawzenpets.shop/media/thumbnails/products/import-1773112324948-c06b_e1694a0e_thumbnail_1024.jpg | https://api.pawzenpets.shop/media/thumbnails/products/import-1773112325520-p7rv_29c0be18_thumbnail_1024.jpg | https://api.pawzenpets.shop/media/thumbnails/products/import-1773112326589-cg9k_f7d89691_thumbnail_1024.jpg","https://pawzenpets.shop/usd/products/snuffle-mat-for-small-large-dogs-nosework-feeding-mat-easy-to-fill-and-machine-w","$14.87","YES","SALE"
"2","2026-03-27 15:00","Interactive Cat Puzzle & Slow Feeder","Pet Toy Set","Treat your fur baby without breaking the bank! 🐾❤️

Interactive Cat Puzzle & Slow Feeder — $7.12 (save 20%!)

Premium quality at an affordable price — your pet will love it!

🛒 Shop: https://pawzenpets.shop/usd/products/interactive-cat-toy-puzzle-toy-pet-slow-feeder-for-bored-indoor-cat-small-medium
🔗 All products: https://pawzenpets.shop | @pawzenpets.shop

#PawzenPets #PawzenLife #HappyPetHappyLife #PetSupplies #PetLovers #PetParent #FurBaby #PetShop #DogDad #DogsOfInstagram #Instacat #CatsOfInstagram #PetLover #Instadog #FurBaby","https://api.pawzenpets.shop/media/thumbnails/products/import-1773181962080-5e6c_bd6e778d_thumbnail_1024.jpg","https://api.pawzenpets.shop/thumbnail/UHJvZHVjdE1lZGlhOjI0ODY=/1024/ | https://api.pawzenpets.shop/thumbnail/UHJvZHVjdE1lZGlhOjI0ODc=/1024/ | https://api.pawzenpets.shop/thumbnail/UHJvZHVjdE1lZGlhOjI0ODg=/1024/","https://pawzenpets.shop/usd/products/interactive-cat-toy-puzzle-toy-pet-slow-feeder-for-bored-indoor-cat-small-medium","$7.12","YES","SALE"
"3","2026-03-28 10:00","Waterproof Cat Litter Mat","Pet Groomings","Your pet deserves the best. Introducing the Waterproof Cat Litter Mat.

Premium quality at an affordable price — your pet will love it!

💰 $1.65

🛒 Shop: https://pawzenpets.shop/usd/products/cat-litter-mat-pet-solid-color-waterproof-cat-litter-mat-easy-clean-scatter-cont
🔗 All products: https://pawzenpets.shop | @pawzenpets.shop

#PawzenPets #PawzenLife #HappyPetHappyLife #PetSupplies #PetLovers #PetParent #FurBaby #PetShop #PetParent #Instacat #DogDad #CatsOfInstagram #AdoptDontShop #PetLover #CatMom","https://api.pawzenpets.shop/media/thumbnails/products/import-1773112479930-ikgb_a1bfdd41_thumbnail_1024.jpg","https://api.pawzenpets.shop/media/thumbnails/products/import-1773112481083-xdr8_d2cecb4a_thumbnail_1024.jpg | https://api.pawzenpets.shop/media/thumbnails/products/import-1773112482618-oqlg_a3684fc3_thumbnail_1024.jpg | https://api.pawzenpets.shop/media/thumbnails/products/import-1773112483858-nuwh_a20929b4_thumbnail_1024.jpg","https://pawzenpets.shop/usd/products/cat-litter-mat-pet-solid-color-waterproof-cat-litter-mat-easy-clean-scatter-cont","$1.65","NO","STANDARD"
"4","2026-03-28 15:00","3-in-1 Pet Water Bottle & Bag Dispenser","Pet Drinking Tools","Making life better, one paw at a time. 💧🐾

3-in-1 Pet Water Bottle & Bag Dispenser — because pets deserve the best.

💰 $9.78

🛒 Shop: https://pawzenpets.shop/usd/products/pet-water-bottle-feeder-bowl-garbage-bag-storage-portable-pet-outdoor-travel-3-i
🔗 All products: https://pawzenpets.shop | @pawzenpets.shop

#PawzenPets #PawzenLife #HappyPetHappyLife #PetHydration #WaterFountain #DogWater #HealthyPet #PetsOfInstagram #DogDad #DogMom #CatMom #CatsOfInstagram #PetParent #PetLover #FurBaby","https://api.pawzenpets.shop/media/thumbnails/products/import-1773182005196-x4hu_59dc5844_thumbnail_1024.jpg","https://api.pawzenpets.shop/media/thumbnails/products/import-1773182006047-ysfq_1a92932e_thumbnail_1024.jpg | https://api.pawzenpets.shop/media/thumbnails/products/import-1773182006828-ql3v_7acac5d0_thumbnail_1024.jpg | https://api.pawzenpets.shop/media/thumbnails/products/import-1773182007873-wu6l_3124401a_thumbnail_1024.jpg","https://pawzenpets.shop/usd/products/pet-water-bottle-feeder-bowl-garbage-bag-storage-portable-pet-outdoor-travel-3-i","$9.78","NO","STANDARD"
"5","2026-03-29 10:00","Dog Life Jacket — Shark Swim Vest","Pet Clothings","Treat your fur baby without breaking the bank! 🐾❤️

Dog Life Jacket — Shark Swim Vest — $9.95 (save 18%!)

Premium quality at an affordable price — your pet will love it!

🛒 Shop: https://pawzenpets.shop/usd/products/swim-pet-dog-life-jacket-vest-clothes-life-vest-collar-harness-pets-swimming-sum
🔗 All products: https://pawzenpets.shop | @pawzenpets.shop

#PawzenPets #PawzenLife #HappyPetHappyLife #PetSupplies #PetLovers #PetParent #FurBaby #PetShop #CatMom #DogMom #Instacat #PetParent #DogDad #AdoptDontShop #CatDad","https://api.pawzenpets.shop/media/thumbnails/products/import-1773180628966-ty74_3717b164_thumbnail_1024.jpg","https://api.pawzenpets.shop/thumbnail/UHJvZHVjdE1lZGlhOjE4NjY=/1024/ | https://api.pawzenpets.shop/thumbnail/UHJvZHVjdE1lZGlhOjE4Njc=/1024/ | https://api.pawzenpets.shop/thumbnail/UHJvZHVjdE1lZGlhOjE4Njg=/1024/","https://pawzenpets.shop/usd/products/swim-pet-dog-life-jacket-vest-clothes-life-vest-collar-harness-pets-swimming-sum","$9.95","YES","SALE"
"6","2026-03-29 15:00","Pet Football Pattern Fish Tail Life Jacket","Pet Clothings","🔥 SALE ALERT! Pet Football Pattern Fish Tail Life Jacket — was $11.10, now just $9.43!

Premium quality at an affordable price — your pet will love it!

Don't miss out — limited time only!

🛒 Shop: https://pawzenpets.shop/usd/products/pet-football-pattern-fish-tail-life-jacket
🔗 All products: https://pawzenpets.shop | @pawzenpets.shop

#PawzenPets #PawzenLife #HappyPetHappyLife #PetSupplies #PetLovers #PetParent #FurBaby #PetShop #Instadog #PetsOfInstagram #Instacat #AdoptDontShop #FurBaby #PetLover #DogsOfInstagram","https://api.pawzenpets.shop/media/thumbnails/products/import-1773180793801-ah33_204af1a1_thumbnail_1024.jpg","https://api.pawzenpets.shop/thumbnail/UHJvZHVjdE1lZGlhOjE5MjM=/1024/ | https://api.pawzenpets.shop/media/thumbnails/products/import-1773180796157-d0zf_1fcdf2e5_thumbnail_1024.jpg | https://api.pawzenpets.shop/thumbnail/UHJvZHVjdE1lZGlhOjE5MjU=/1024/","https://pawzenpets.shop/usd/products/pet-football-pattern-fish-tail-life-jacket","$9.43","YES","SALE"
"7","2026-03-30 10:00","Dog Snuffle & Training Mat","Pet Training and Educational Toys","🐾❤️ Dog Snuffle & Training Mat

Premium quality at an affordable price — your pet will love it!

💰 $7.82

🛒 Shop: https://pawzenpets.shop/usd/products/dog-sniffing-mat-dog-puzzle-toy-pet-snack-feeding-mat-boring-interactive-game-tr
🔗 All products: https://pawzenpets.shop | @pawzenpets.shop

#PawzenPets #PawzenLife #HappyPetHappyLife #PetSupplies #PetLovers #PetParent #FurBaby #PetShop #FurBaby #Instadog #DogMom #CatDad #PetsOfInstagram #PetParent #CatMom","https://api.pawzenpets.shop/media/thumbnails/products/import-1773112203635-hhvz_1c700661_thumbnail_1024.jpg","https://api.pawzenpets.shop/media/thumbnails/products/import-1773112204874-tesh_45f428b0_thumbnail_1024.jpg | https://api.pawzenpets.shop/media/thumbnails/products/import-1773112206135-ln50_3457722b_thumbnail_1024.jpg | https://api.pawzenpets.shop/media/thumbnails/products/import-1773112208084-m9f5_257d2d93_thumbnail_1024.jpg","https://pawzenpets.shop/usd/products/dog-sniffing-mat-dog-puzzle-toy-pet-snack-feeding-mat-boring-interactive-game-tr","$7.82","NO","STANDARD"
"8","2026-03-30 15:00","Dog Pooper Scooper with Bag Dispenser","Pet Outdoor Supplies","Making life better, one paw at a time. 🐾❤️

Dog Pooper Scooper with Bag Dispenser — because pets deserve the best.

💰 $0.33

🛒 Shop: https://pawzenpets.shop/usd/products/portable-lightweight-dog-pooper-scooper-with-built-in-poop-bag-dispenser-eight-c
🔗 All products: https://pawzenpets.shop | @pawzenpets.shop

#PawzenPets #PawzenLife #HappyPetHappyLife #PetSupplies #PetLovers #PetParent #FurBaby #PetShop #DogDad #AdoptDontShop #PetLover #Instacat #CatDad #CatsOfInstagram #PetParent","https://api.pawzenpets.shop/media/thumbnails/products/import-1773182072814-iyzp_3e1b7f21_thumbnail_1024.jpg","https://api.pawzenpets.shop/media/thumbnails/products/import-1773182073247-vt8t_0fa2ee6a_thumbnail_1024.jpg | https://api.pawzenpets.shop/media/thumbnails/products/import-1773182074265-ae40_d92538c8_thumbnail_1024.jpg | https://api.pawzenpets.shop/media/thumbnails/products/import-1773182075492-qu6d_697d2cc7_thumbnail_1024.jpg","https://pawzenpets.shop/usd/products/portable-lightweight-dog-pooper-scooper-with-built-in-poop-bag-dispenser-eight-c","$0.33","NO","STANDARD"
"9","2026-03-31 10:00","Ultrasonic Dog Bark Deterrent — Rechargeable","Pet Outdoor Supplies","Making life better, one paw at a time. 🐾❤️

Ultrasonic Dog Bark Deterrent — Rechargeable — because pets deserve the best.

💰 $13.27

🛒 Shop: https://pawzenpets.shop/usd/products/pet-dog-repeller-ultrasonic-dog-training-device-rechargeable-anti-dog-bark-deter
🔗 All products: https://pawzenpets.shop | @pawzenpets.shop

#PawzenPets #PawzenLife #HappyPetHappyLife #PetSupplies #PetLovers #PetParent #FurBaby #PetShop #DogsOfInstagram #AdoptDontShop #PetLover #CatDad #CatsOfInstagram #Instacat #FurBaby","https://api.pawzenpets.shop/media/thumbnails/products/import-1773181635907-03yl_e7f642bb_thumbnail_1024.jpg","https://api.pawzenpets.shop/media/thumbnails/products/import-1773181636324-ywmg_b6f43bad_thumbnail_1024.jpg | https://api.pawzenpets.shop/media/thumbnails/products/import-1773181637549-wc2c_96a2af49_thumbnail_1024.jpg | https://api.pawzenpets.shop/media/thumbnails/products/import-1773181638492-egw4_421578ee_thumbnail_1024.jpg","https://pawzenpets.shop/usd/products/pet-dog-repeller-ultrasonic-dog-training-device-rechargeable-anti-dog-bark-deter","$13.27","NO","STANDARD"
"10","2026-03-31 15:00","Summer Dog Cooling Vest — Breathable","Pet Apparels","Treat your fur baby without breaking the bank! 🐾❤️

Summer Dog Cooling Vest — Breathable — $8.31 (save 15%!)

Premium quality at an affordable price — your pet will love it!

🛒 Shop: https://pawzenpets.shop/usd/products/summer-pet-dog-cooling-vest-heat-resistant-cool-dogs-clothes-breathable-sun-proo
🔗 All products: https://pawzenpets.shop | @pawzenpets.shop

#PawzenPets #PawzenLife #HappyPetHappyLife #PetSupplies #PetLovers #PetParent #FurBaby #PetShop #Instacat #CatsOfInstagram #CatMom #FurBaby #Instadog #PetsOfInstagram #AdoptDontShop","https://api.pawzenpets.shop/media/thumbnails/products/import-1773180537332-h5ya_a3ff138c_thumbnail_1024.jpg","https://api.pawzenpets.shop/media/thumbnails/products/import-1773180538247-twh0_3a602787_thumbnail_1024.jpg | https://api.pawzenpets.shop/media/thumbnails/products/import-1773180539303-lixx_b102d8ea_thumbnail_1024.jpg | https://api.pawzenpets.shop/media/thumbnails/products/import-1773180539913-d75g_3a1b6194_thumbnail_1024.jpg","https://pawzenpets.shop/usd/products/summer-pet-dog-cooling-vest-heat-resistant-cool-dogs-clothes-breathable-sun-proo","$8.31","YES","SALE"
"11","2026-04-01 10:00","Pet Water Dispenser","Pet Drinking Tools","Every pet deserves a little luxury. 💧🐾

The Pet Water Dispenser is designed with love for your furry friend.

💰 $2.40

🛒 Shop: https://pawzenpets.shop/usd/products/pet-water-dispenser
🔗 All products: https://pawzenpets.shop | @pawzenpets.shop

#PawzenPets #PawzenLife #HappyPetHappyLife #PetHydration #WaterFountain #DogWater #HealthyPet #PetsOfInstagram #PetLover #CatDad #DogMom #AdoptDontShop #CatMom #DogDad #FurBaby","https://api.pawzenpets.shop/media/thumbnails/products/import-1773112296999-0m77_aa220e70_thumbnail_1024.jpg","https://api.pawzenpets.shop/media/thumbnails/products/import-1773112299056-tv8b_e16221cb_thumbnail_1024.jpg | https://api.pawzenpets.shop/media/thumbnails/products/import-1773112300818-tya2_f4e67249_thumbnail_1024.jpg | https://api.pawzenpets.shop/media/thumbnails/products/import-1773112302517-2tu6_507bec72_thumbnail_1024.jpg","https://pawzenpets.shop/usd/products/pet-water-dispenser","$2.40","NO","STANDARD"
"12","2026-04-01 15:00","Cat Treat Dispenser & Spring Toy","Pet Toys","Every pet deserves a little luxury. 🐾❤️

The Cat Treat Dispenser & Spring Toy is designed with love for your furry friend.

💰 $7.18

🛒 Shop: https://pawzenpets.shop/usd/products/cat-treats-dispenser-cat-treat-dispenser-toy-catnip-cat-toy-cat-nips-spring-toy-
🔗 All products: https://pawzenpets.shop | @pawzenpets.shop

#PawzenPets #PawzenLife #HappyPetHappyLife #PetSupplies #PetLovers #PetParent #FurBaby #PetShop #AdoptDontShop #FurBaby #DogMom #CatMom #PetsOfInstagram #CatsOfInstagram #Instadog","https://api.pawzenpets.shop/media/thumbnails/products/import-1773181819002-0elh_e82e9db7_thumbnail_1024.jpg","https://api.pawzenpets.shop/media/thumbnails/products/import-1773181819801-pibr_d8f34c10_thumbnail_1024.jpg | https://api.pawzenpets.shop/media/thumbnails/products/import-1773181820557-xzj3_5e6202f0_thumbnail_1024.jpg | https://api.pawzenpets.shop/media/thumbnails/products/import-1773181820934-i5d5_bfdf3890_thumbnail_1024.jpg","https://pawzenpets.shop/usd/products/cat-treats-dispenser-cat-treat-dispenser-toy-catnip-cat-toy-cat-nips-spring-toy-","$7.18","NO","STANDARD"
"13","2026-04-02 10:00","Cat Scratching Post — Wear Resistant","Pet Furnitures","Struggling with finding quality pet products? We've got you covered! 🐾❤️

Cat Scratching Post — Wear Resistant — Premium quality at an affordable price — your pet will love it!

💰 $9.65

🛒 Shop: https://pawzenpets.shop/usd/products/wear-resistant-cat-scratching-post
🔗 All products: https://pawzenpets.shop | @pawzenpets.shop

#PawzenPets #PawzenLife #HappyPetHappyLife #PetSupplies #PetLovers #PetParent #FurBaby #PetShop #CatMom #CatDad #DogsOfInstagram #PetParent #Instacat #Instadog #PetLover","https://api.pawzenpets.shop/media/thumbnails/products/import-1773180265756-9cnn_727d439a_thumbnail_1024.png","https://api.pawzenpets.shop/media/thumbnails/products/import-1773180266425-81wc_1e70cb07_thumbnail_1024.png | https://api.pawzenpets.shop/media/thumbnails/products/import-1773180267089-doqf_5949db8d_thumbnail_1024.png | https://api.pawzenpets.shop/media/thumbnails/products/import-1773180268216-67p0_329ae00c_thumbnail_1024.png","https://pawzenpets.shop/usd/products/wear-resistant-cat-scratching-post","$9.65","NO","STANDARD"
"14","2026-04-02 15:00","Fluffy Donut Dog & Cat Bed — Plush Washable","Pet Toy Set","Your pet deserves the best. Introducing the Fluffy Donut Dog & Cat Bed — Plush Washable.

Premium quality at an affordable price — your pet will love it!

💰 $4.28

🛒 Shop: https://pawzenpets.shop/usd/products/fluffy-donut-dog-bed-warm-soft-long-plush-pet-cushion-dog-house-cat-bed-washable
🔗 All products: https://pawzenpets.shop | @pawzenpets.shop

#PawzenPets #PawzenLife #HappyPetHappyLife #PetSupplies #PetLovers #PetParent #FurBaby #PetShop #PetsOfInstagram #Instacat #CatMom #AdoptDontShop #PetLover #DogDad #CatDad","https://api.pawzenpets.shop/media/thumbnails/products/import-1773111831227-v2o8_27e41fee_thumbnail_1024.jpg","https://api.pawzenpets.shop/media/thumbnails/products/import-1773111831540-p64o_e4679689_thumbnail_1024.jpg | https://api.pawzenpets.shop/media/thumbnails/products/import-1773111833110-4yxo_f6afb8a9_thumbnail_1024.jpg | https://api.pawzenpets.shop/media/thumbnails/products/import-1773111834415-deqm_d5f8c82c_thumbnail_1024.jpg","https://pawzenpets.shop/usd/products/fluffy-donut-dog-bed-warm-soft-long-plush-pet-cushion-dog-house-cat-bed-washable","$4.28","NO","STANDARD"
"15","2026-04-03 10:00","Pet Supplies Clothing Dog Dress Tuxedo","Pet Clothings","Does your pet need a quality supplies? 🐾❤️

The Pet Supplies Clothing Dog Dress Tuxedo is the perfect solution!

Premium quality at an affordable price — your pet will love it!

💰 $10.53

🛒 Shop: https://pawzenpets.shop/usd/products/pet-supplies-clothing-dog-dress-tuxedo
🔗 All products: https://pawzenpets.shop | @pawzenpets.shop

#PawzenPets #PawzenLife #HappyPetHappyLife #PetSupplies #PetLovers #PetParent #FurBaby #PetShop #CatDad #CatMom #DogDad #AdoptDontShop #DogsOfInstagram #DogMom #PetsOfInstagram","https://api.pawzenpets.shop/media/thumbnails/products/import-1773180736527-rk0l_7e87b44f_thumbnail_1024.jpg","https://api.pawzenpets.shop/media/thumbnails/products/import-1773180737014-dyl2_e0620eb7_thumbnail_1024.jpg | https://api.pawzenpets.shop/media/thumbnails/products/import-1773180737517-pmas_a0b4f2ec_thumbnail_1024.jpg | https://api.pawzenpets.shop/media/thumbnails/products/import-1773180738541-ktnw_fc2eaf35_thumbnail_1024.jpg","https://pawzenpets.shop/usd/products/pet-supplies-clothing-dog-dress-tuxedo","$10.53","NO","STANDARD"
"16","2026-04-03 15:00","Dog Sofa Bed — Large Cushion","Pet Mats","Treat your fur baby without breaking the bank! 🐾❤️

Dog Sofa Bed — Large Cushion — $12.76 (save 12%!)

Premium quality at an affordable price — your pet will love it!

🛒 Shop: https://pawzenpets.shop/usd/products/pet-dog-sofa-bed-dog-beds-for-large-dogs-cushion-warm-cat-beds-mat-furniture-pro
🔗 All products: https://pawzenpets.shop | @pawzenpets.shop

#PawzenPets #PawzenLife #HappyPetHappyLife #PetSupplies #PetLovers #PetParent #FurBaby #PetShop #PetLover #DogDad #DogsOfInstagram #PetsOfInstagram #DogMom #FurBaby #Instacat","https://api.pawzenpets.shop/media/thumbnails/products/import-1773180446567-pneq_e522ad6f_thumbnail_1024_Dtdxs0x.jpg","https://api.pawzenpets.shop/media/thumbnails/products/import-1773180448294-w13j_1c5595fa_thumbnail_1024.jpg | https://api.pawzenpets.shop/media/thumbnails/products/import-1773180448639-nbu0_0a312143_thumbnail_1024.jpg | https://api.pawzenpets.shop/media/thumbnails/products/import-1773180448885-hxwz_9d3f7376_thumbnail_1024.jpg","https://pawzenpets.shop/usd/products/pet-dog-sofa-bed-dog-beds-for-large-dogs-cushion-warm-cat-beds-mat-furniture-pro","$12.76","YES","SALE"
"17","2026-04-04 10:00","Summer Cooling Pet Mat — Ice Silk","Pet Mats","Meet the Summer Cooling Pet Mat — Ice Silk! Premium quality at an affordable price — your pet will love it!

💰 $2.90

🛒 Shop: https://pawzenpets.shop/usd/products/pet-ice-mat-summer-pet-mat-dog-mat-cat-cooling-mat-pet-supplies-pet-cooling-supp
🔗 All products: https://pawzenpets.shop | @pawzenpets.shop

#PawzenPets #PawzenLife #HappyPetHappyLife #PetSupplies #PetLovers #PetParent #FurBaby #PetShop #CatDad #Instadog #CatsOfInstagram #DogsOfInstagram #PetLover #AdoptDontShop #DogMom","https://api.pawzenpets.shop/media/thumbnails/products/import-1773111864640-rdo9_cd9a989d_thumbnail_1024.jpg","https://api.pawzenpets.shop/media/thumbnails/products/import-1773111864812-5c8w_1731c19a_thumbnail_1024.jpg | https://api.pawzenpets.shop/media/thumbnails/products/import-1773111864985-we38_3e7f4683_thumbnail_1024.jpg | https://api.pawzenpets.shop/media/thumbnails/products/import-1773111865151-zkmy_a20d90b1_thumbnail_1024.jpg","https://pawzenpets.shop/usd/products/pet-ice-mat-summer-pet-mat-dog-mat-cat-cooling-mat-pet-supplies-pet-cooling-supp","$2.90","NO","STANDARD"
"18","2026-04-04 15:00","2-in-1 Self-Cleaning Dog Brush with Spray","Pet Hair Removers & Combs","🔥 SALE ALERT! 2-in-1 Self-Cleaning Dog Brush with Spray — was $1.57, now just $1.18!

Say goodbye to fur on your clothes, couch, and bed!

Don't miss out — limited time only!

🛒 Shop: https://pawzenpets.shop/usd/products/2-in-1-self-cleaning-dog-brush-comb-with-spray-pets-grooming-hair-remover-combs-
🔗 All products: https://pawzenpets.shop | @pawzenpets.shop

#PawzenPets #PawzenLife #HappyPetHappyLife #PetHairRemoval #FurFree #PetGrooming #CleanHome #DogsOfInstagram #CatMom #DogMom #FurBaby #CatDad #DogDad #CatsOfInstagram #PetLover","https://api.pawzenpets.shop/media/thumbnails/products/import-1773181445245-cvwq_0218e890_thumbnail_1024.jpg","https://api.pawzenpets.shop/media/thumbnails/products/import-1773181445874-pl87_6c61c7ce_thumbnail_1024.jpg | https://api.pawzenpets.shop/media/thumbnails/products/import-1773181446257-zj3g_9e172cdb_thumbnail_1024.jpg | https://api.pawzenpets.shop/media/thumbnails/products/import-1773181447286-yzk1_9063cfaa_thumbnail_1024.jpg","https://pawzenpets.shop/usd/products/2-in-1-self-cleaning-dog-brush-comb-with-spray-pets-grooming-hair-remover-combs-","$1.18","YES","SALE"
"19","2026-04-05 10:00","Rhinestone Leather Dog & Cat Collar Set","Pet Collars","Meet the Rhinestone Leather Dog & Cat Collar Set! Premium quality at an affordable price — your pet will love it!

💰 $8.53

🛒 Shop: https://pawzenpets.shop/usd/products/rhinestone-bling-leather-dog-cat-collar-leash
🔗 All products: https://pawzenpets.shop | @pawzenpets.shop

#PawzenPets #PawzenLife #HappyPetHappyLife #PetSupplies #PetLovers #PetParent #FurBaby #PetShop #PetsOfInstagram #DogMom #FurBaby #DogsOfInstagram #PetLover #CatDad #CatMom","https://api.pawzenpets.shop/media/thumbnails/products/import-1773181168807-qntf_a6b0b302_thumbnail_1024.jpg","https://api.pawzenpets.shop/thumbnail/UHJvZHVjdE1lZGlhOjIwNTE=/1024/ | https://api.pawzenpets.shop/media/thumbnails/products/import-1773181171550-6owo_8ec4f7c5_thumbnail_1024.jpg | https://api.pawzenpets.shop/media/thumbnails/products/import-1773181172430-n4h6_ecdb41ea_thumbnail_1024.jpg","https://pawzenpets.shop/usd/products/rhinestone-bling-leather-dog-cat-collar-leash","$8.53","NO","STANDARD"
"20","2026-04-05 15:00","Pet Dog Slow Food Feeder Anti Choke Travel Bowl","Pet Bowls","Meet the Pet Dog Slow Food Feeder Anti Choke Travel Bowl! Designed for healthy eating habits and easy cleanup.

💰 $6.57

🛒 Shop: https://pawzenpets.shop/usd/products/pet-dog-slow-food-feeder-anti-choke-travel-bowl
🔗 All products: https://pawzenpets.shop | @pawzenpets.shop

#PawzenPets #PawzenLife #HappyPetHappyLife #PetFeeding #DogBowl #CatBowl #PetHealth #HealthyPet #PetParent #PetLover #Instadog #DogsOfInstagram #PetsOfInstagram #CatMom #FurBaby","https://api.pawzenpets.shop/media/thumbnails/products/import-1773112254587-56q1_8eda7451_thumbnail_1024.png","https://api.pawzenpets.shop/thumbnail/UHJvZHVjdE1lZGlhOjE0NjI=/1024/ | https://api.pawzenpets.shop/thumbnail/UHJvZHVjdE1lZGlhOjE0NjM=/1024/ | https://api.pawzenpets.shop/thumbnail/UHJvZHVjdE1lZGlhOjE0NjQ=/1024/","https://pawzenpets.shop/usd/products/pet-dog-slow-food-feeder-anti-choke-travel-bowl","$6.57","NO","STANDARD"
"21","2026-04-06 10:00","Dog Calming & Emotional Support Ball","Pet Toy Set","🔥 SALE ALERT! Dog Calming & Emotional Support Ball — was $12.35, now just $10.50!

Premium quality at an affordable price — your pet will love it!

Don't miss out — limited time only!

🛒 Shop: https://pawzenpets.shop/usd/products/the-mellow-dog-calming-ball-mellow-dog-tennis-ball-mellow-dog-emotional-support-
🔗 All products: https://pawzenpets.shop | @pawzenpets.shop

#PawzenPets #PawzenLife #HappyPetHappyLife #PetSupplies #PetLovers #PetParent #FurBaby #PetShop #DogDad #Instacat #Instadog #FurBaby #DogsOfInstagram #PetsOfInstagram #PetParent","https://api.pawzenpets.shop/media/thumbnails/products/import-1773181977897-1gf6_7eea4242_thumbnail_1024.jpg","https://api.pawzenpets.shop/media/thumbnails/products/import-1773181978866-708t_58beee38_thumbnail_1024.jpg | https://api.pawzenpets.shop/thumbnail/UHJvZHVjdE1lZGlhOjI1MDE=/1024/ | https://api.pawzenpets.shop/thumbnail/UHJvZHVjdE1lZGlhOjI1MDI=/1024/","https://pawzenpets.shop/usd/products/the-mellow-dog-calming-ball-mellow-dog-tennis-ball-mellow-dog-emotional-support-","$10.50","YES","SALE"
"22","2026-04-06 15:00","Pet Hair Dryer — Grooming","Pet Groomings","Your pet deserves the best. Introducing the Pet Hair Dryer — Grooming.

Premium quality at an affordable price — your pet will love it!

💰 $13.20

🛒 Shop: https://pawzenpets.shop/usd/products/household-dog-teddy-pet-hair-dryer-grooming-products
🔗 All products: https://pawzenpets.shop | @pawzenpets.shop

#PawzenPets #PawzenLife #HappyPetHappyLife #PetSupplies #PetLovers #PetParent #FurBaby #PetShop #CatsOfInstagram #PetLover #Instadog #DogsOfInstagram #Instacat #CatMom #DogMom","https://api.pawzenpets.shop/media/thumbnails/products/import-1773181359829-740d_660f2d8f_thumbnail_1024.jpg","https://api.pawzenpets.shop/media/thumbnails/products/import-1773181360770-c75t_6c60a2a3_thumbnail_1024.jpg | https://api.pawzenpets.shop/media/thumbnails/products/import-1773181361526-klvy_4db37e6d_thumbnail_1024.jpg | https://api.pawzenpets.shop/media/thumbnails/products/import-1773181362127-munw_3e60b64e_thumbnail_1024.jpg","https://pawzenpets.shop/usd/products/household-dog-teddy-pet-hair-dryer-grooming-products","$13.20","NO","STANDARD"
"23","2026-04-07 10:00","Spiked Leather Dog Collar","Pet Collars","Struggling with finding quality pet products? We've got you covered! 🐾❤️

Spiked Leather Dog Collar — Premium quality at an affordable price — your pet will love it!

💰 $6.45

🛒 Shop: https://pawzenpets.shop/usd/products/leather-dog-with-black-spikes-in-a-large-dog-collar
🔗 All products: https://pawzenpets.shop | @pawzenpets.shop

#PawzenPets #PawzenLife #HappyPetHappyLife #PetSupplies #PetLovers #PetParent #FurBaby #PetShop #FurBaby #Instadog #DogMom #CatMom #PetParent #CatDad #PetsOfInstagram","https://api.pawzenpets.shop/media/thumbnails/products/import-1773181112955-9qct_3d899cf0_thumbnail_1024.png","https://api.pawzenpets.shop/media/thumbnails/products/import-1773181113359-0ll1_88bcd1c0_thumbnail_1024.jpg | https://api.pawzenpets.shop/media/thumbnails/products/import-1773181113759-knks_0022ff9a_thumbnail_1024.jpg | https://api.pawzenpets.shop/media/thumbnails/products/import-1773181114259-2dxd_aaabb6d3_thumbnail_1024.png","https://pawzenpets.shop/usd/products/leather-dog-with-black-spikes-in-a-large-dog-collar","$6.45","NO","STANDARD"
"24","2026-04-07 15:00","Portable Dog Water Bottle & Bowl","Pet Drinking Tools","Treat your fur baby without breaking the bank! 💧🐾

Portable Dog Water Bottle & Bowl — $3.37 (save 25%!)

Fresh, clean water wherever your adventures take you!

🛒 Shop: https://pawzenpets.shop/usd/products/pet-dog-water-bottle-feeder-bowl-portable-water-food-bottle-pets-outdoor-travel-
🔗 All products: https://pawzenpets.shop | @pawzenpets.shop

#PawzenPets #PawzenLife #HappyPetHappyLife #PetHydration #WaterFountain #DogWater #HealthyPet #DogDad #PetsOfInstagram #PetLover #Instacat #FurBaby #PetParent #AdoptDontShop #DogsOfInstagram","https://api.pawzenpets.shop/media/thumbnails/products/import-1773182103489-d90v_db3342fd_thumbnail_1024.jpg","https://api.pawzenpets.shop/media/thumbnails/products/import-1773182103683-0rpf_6e768158_thumbnail_1024.jpg | https://api.pawzenpets.shop/media/thumbnails/products/import-1773182103850-5pdl_4745380a_thumbnail_1024.jpg | https://api.pawzenpets.shop/media/thumbnails/products/import-1773182104078-mug4_57dcdea1_thumbnail_1024.jpg","https://pawzenpets.shop/usd/products/pet-dog-water-bottle-feeder-bowl-portable-water-food-bottle-pets-outdoor-travel-","$3.37","YES","SALE"
"25","2026-04-08 10:00","No-Pull Breathable Dog Harness Vest","Pet Harnesses","Treat your fur baby without breaking the bank! 🐕‍🦺💪

No-Pull Breathable Dog Harness Vest — $8.71 (save 15%!)

No-pull design for comfortable, safe walks together.

🛒 Shop: https://pawzenpets.shop/usd/products/dog-harness-no-pull-breathable-reflective-pet-harness-vest
🔗 All products: https://pawzenpets.shop | @pawzenpets.shop

#PawzenPets #PawzenLife #HappyPetHappyLife #DogHarness #DogWalk #WalkTime #DogLife #NoPull #CatMom #PetLover #PetsOfInstagram #AdoptDontShop #DogsOfInstagram #DogMom #PetParent","https://api.pawzenpets.shop/media/thumbnails/products/import-1773180932285-hcbm_b2166eff_thumbnail_1024.jpg","https://api.pawzenpets.shop/media/thumbnails/products/import-1773180933498-sm92_9d3721d1_thumbnail_1024.jpg | https://api.pawzenpets.shop/media/thumbnails/products/import-1773180933941-cbwj_01409926_thumbnail_1024.jpg | https://api.pawzenpets.shop/media/thumbnails/products/import-1773180934463-8a8p_93ce7f90_thumbnail_1024.jpg","https://pawzenpets.shop/usd/products/dog-harness-no-pull-breathable-reflective-pet-harness-vest","$8.71","YES","SALE"
"26","2026-04-08 15:00","Pet Hair Cleaner Floor Brush","Pet Hair Removers & Combs","Your pet deserves the best. Introducing the Pet Hair Cleaner Floor Brush.

Say goodbye to fur on your clothes, couch, and bed!

💰 $8.85

🛒 Shop: https://pawzenpets.shop/usd/products/pet-hair-cleaner-carpet-household-floor-brush-wiper
🔗 All products: https://pawzenpets.shop | @pawzenpets.shop

#PawzenPets #PawzenLife #HappyPetHappyLife #PetHairRemoval #FurFree #PetGrooming #CleanHome #Instadog #AdoptDontShop #DogDad #PetParent #DogsOfInstagram #CatDad #DogMom #PetsOfInstagram","https://api.pawzenpets.shop/media/thumbnails/products/import-1773180518310-byuv_c5852826_thumbnail_1024.jpg","https://api.pawzenpets.shop/media/thumbnails/products/import-1773180519491-ahxz_69cd6d0a_thumbnail_1024.jpg | https://api.pawzenpets.shop/thumbnail/UHJvZHVjdE1lZGlhOjE4MTk=/1024/ | https://api.pawzenpets.shop/thumbnail/UHJvZHVjdE1lZGlhOjE4MjA=/1024/","https://pawzenpets.shop/usd/products/pet-hair-cleaner-carpet-household-floor-brush-wiper","$8.85","NO","STANDARD"
"27","2026-04-09 10:00","Dog Winter Snow Boots — Warm & Thick","Pet Shoes & Socks","Does your pet need a quality supplies? 🐾❤️

The Dog Winter Snow Boots — Warm & Thick is the perfect solution!

Premium quality at an affordable price — your pet will love it!

💰 $9.57

🛒 Shop: https://pawzenpets.shop/usd/products/dog-thick-snow-boots-keep-warm-teddy-autumn-and-winter-vip-shoes
🔗 All products: https://pawzenpets.shop | @pawzenpets.shop

#PawzenPets #PawzenLife #HappyPetHappyLife #PetSupplies #PetLovers #PetParent #FurBaby #PetShop #DogDad #CatDad #FurBaby #PetLover #DogMom #Instadog #CatsOfInstagram","https://api.pawzenpets.shop/media/thumbnails/products/import-1773180696098-u8ob_6ae310f2_thumbnail_1024.png","https://api.pawzenpets.shop/media/thumbnails/products/import-1773180696646-l2cr_60fa7ab1_thumbnail_1024.png | https://api.pawzenpets.shop/thumbnail/UHJvZHVjdE1lZGlhOjE4OTg=/1024/ | https://api.pawzenpets.shop/media/thumbnails/products/import-1773180697970-uvnz_4aef0624_thumbnail_1024.jpg","https://pawzenpets.shop/usd/products/dog-thick-snow-boots-keep-warm-teddy-autumn-and-winter-vip-shoes","$9.57","NO","STANDARD"
"28","2026-04-09 15:00","Summer Cooling Pet Mat — Ice Silk","Pet Mats","Struggling with finding quality pet products? We've got you covered! 🐾❤️

Summer Cooling Pet Mat — Ice Silk — Premium quality at an affordable price — your pet will love it!

💰 $3.33

🛒 Shop: https://pawzenpets.shop/usd/products/summer-cooling-pet-sleeping-ice-silk-mat
🔗 All products: https://pawzenpets.shop | @pawzenpets.shop

#PawzenPets #PawzenLife #HappyPetHappyLife #PetSupplies #PetLovers #PetParent #FurBaby #PetShop #DogDad #DogsOfInstagram #PetsOfInstagram #CatsOfInstagram #FurBaby #CatDad #AdoptDontShop","https://api.pawzenpets.shop/media/thumbnails/products/import-1773112039594-45fn_c1e6b3a9_thumbnail_1024.jpg","https://api.pawzenpets.shop/thumbnail/UHJvZHVjdE1lZGlhOjEzNjI=/1024/ | https://api.pawzenpets.shop/thumbnail/UHJvZHVjdE1lZGlhOjEzNjM=/1024/ | https://api.pawzenpets.shop/thumbnail/UHJvZHVjdE1lZGlhOjEzNjQ=/1024/","https://pawzenpets.shop/usd/products/summer-cooling-pet-sleeping-ice-silk-mat","$3.33","NO","STANDARD"
"29","2026-04-10 10:00","Dog toothpaste for pet toothpaste","Pet Shower Products","Making life better, one paw at a time. 🛁🐾

Dog toothpaste for pet toothpaste — because pets deserve the best.

💰 $4.72

🛒 Shop: https://pawzenpets.shop/usd/products/dog-toothpaste-for-pet-toothpaste
🔗 All products: https://pawzenpets.shop | @pawzenpets.shop

#PawzenPets #PawzenLife #HappyPetHappyLife #PetBath #BathTime #CleanPet #PetCare #DogBath #CatDad #DogMom #CatsOfInstagram #PetsOfInstagram #CatMom #AdoptDontShop #Instadog","https://api.pawzenpets.shop/media/thumbnails/products/import-1773181686958-a5nl_e251579b_thumbnail_1024.jpg","https://api.pawzenpets.shop/media/thumbnails/products/import-1773181688034-qid0_5d310bbc_thumbnail_1024.jpg | https://api.pawzenpets.shop/thumbnail/UHJvZHVjdE1lZGlhOjIzMjg=/1024/ | https://api.pawzenpets.shop/thumbnail/UHJvZHVjdE1lZGlhOjIzMjk=/1024/","https://pawzenpets.shop/usd/products/dog-toothpaste-for-pet-toothpaste","$4.72","NO","STANDARD"
"30","2026-04-10 15:00","Pet Dog Supplies Automatic Retractable Leash","Pet Leashes","Every pet deserves a little luxury. 🐕🚶

The Automatic Retractable Leash is designed with love for your furry friend.

💰 $7.48

🛒 Shop: https://pawzenpets.shop/usd/products/pet-dog-supplies-automatic-retractable-leash
🔗 All products: https://pawzenpets.shop | @pawzenpets.shop

#PawzenPets #PawzenLife #HappyPetHappyLife #DogLeash #DogWalk #AdventureDog #OutdoorDog #AdoptDontShop #CatsOfInstagram #DogsOfInstagram #PetLover #Instacat #FurBaby #CatMom #PetParent","https://api.pawzenpets.shop/media/thumbnails/products/import-1773181099731-xbl9_d764fd35_thumbnail_1024.jpg","https://api.pawzenpets.shop/media/thumbnails/products/import-1773181100143-aw7u_245baf14_thumbnail_1024.jpg | https://api.pawzenpets.shop/media/thumbnails/products/import-1773181100528-m5nx_d7a67e3b_thumbnail_1024.jpg | https://api.pawzenpets.shop/media/thumbnails/products/import-1773181101291-r2d1_3d7a6483_thumbnail_1024.jpg","https://pawzenpets.shop/usd/products/pet-dog-supplies-automatic-retractable-leash","$7.48","NO","STANDARD"
"31","2026-04-11 10:00","Foldable Silicone Travel Dog Bowl — Double","Pet Bowls","Struggling with messy mealtimes? We've got you covered! 🍽️🐾

Foldable Silicone Travel Dog Bowl — Double — Designed for healthy eating habits and easy cleanup.

💰 $11.33

🛒 Shop: https://pawzenpets.shop/usd/products/portable-silicone-double-dog-food-bowls-foldable-non-slip-cat-bowl-pet-travel-an
🔗 All products: https://pawzenpets.shop | @pawzenpets.shop

#PawzenPets #PawzenLife #HappyPetHappyLife #PetFeeding #DogBowl #CatBowl #PetHealth #HealthyPet #PetsOfInstagram #Instacat #DogMom #CatsOfInstagram #Instadog #DogsOfInstagram #PetParent","https://api.pawzenpets.shop/media/thumbnails/products/import-1773182207997-6kfa_d658f506_thumbnail_1024.jpg","https://api.pawzenpets.shop/thumbnail/UHJvZHVjdE1lZGlhOjI2NjY=/1024/ | https://api.pawzenpets.shop/media/thumbnails/products/import-1773182210290-c2av_6f5ffeb6_thumbnail_1024.jpg | https://api.pawzenpets.shop/media/thumbnails/products/import-1773182210617-pq3q_74fd64d1_thumbnail_1024.jpg","https://pawzenpets.shop/usd/products/portable-silicone-double-dog-food-bowls-foldable-non-slip-cat-bowl-pet-travel-an","$11.33","NO","HERO"
"32","2026-04-11 15:00","Silicone Pet Bath Massage Glove","Pet Hair Removers & Combs","Every pet deserves a little luxury. ✨🏠

The Silicone Pet Bath Massage Glove is designed with love for your furry friend.

💰 $0.80

🛒 Shop: https://pawzenpets.shop/usd/products/silicone-dog-bath-massage-gloves-brush-pet-cat-bathroom-cleaning-tool-comb-brush
🔗 All products: https://pawzenpets.shop | @pawzenpets.shop

#PawzenPets #PawzenLife #HappyPetHappyLife #PetHairRemoval #FurFree #PetGrooming #CleanHome #PetLover #FurBaby #DogDad #Instacat #Instadog #CatMom #PetParent #AdoptDontShop","https://api.pawzenpets.shop/media/thumbnails/products/import-1773181240366-l77m_f01b1120_thumbnail_1024.png","https://api.pawzenpets.shop/media/thumbnails/products/import-1773181241403-sawh_aa4f2c3f_thumbnail_1024.jpg | https://api.pawzenpets.shop/media/thumbnails/products/import-1773181241989-orej_ef039750_thumbnail_1024.jpg | https://api.pawzenpets.shop/media/thumbnails/products/import-1773181243011-6hqn_124daa7c_thumbnail_1024.jpg","https://pawzenpets.shop/usd/products/silicone-dog-bath-massage-gloves-brush-pet-cat-bathroom-cleaning-tool-comb-brush","$0.80","NO","STANDARD"
"33","2026-04-12 10:00","Pet Portable Cup Portable Outing Water Fountain","Pet Drinking Tools","💧🐾 Pet Portable Cup Portable Outing Water Fountain

Fresh, clean water wherever your adventures take you!

💰 $8.47

🛒 Shop: https://pawzenpets.shop/usd/products/pet-portable-cup-portable-outing-water-fountain
🔗 All products: https://pawzenpets.shop | @pawzenpets.shop

#PawzenPets #PawzenLife #HappyPetHappyLife #PetHydration #WaterFountain #DogWater #HealthyPet #Instacat #Instadog #CatsOfInstagram #PetLover #DogDad #CatMom #DogMom #CatDad","https://api.pawzenpets.shop/media/thumbnails/products/import-1773112328880-wazs_fba64e50_thumbnail_1024.jpg","https://api.pawzenpets.shop/media/thumbnails/products/import-1773112329875-fd4e_e0f46a90_thumbnail_1024.jpg | https://api.pawzenpets.shop/media/thumbnails/products/import-1773112331092-mbov_87f529dd_thumbnail_1024.jpg | https://api.pawzenpets.shop/media/thumbnails/products/import-1773112332026-4k4o_3521f2ac_thumbnail_1024.jpg","https://pawzenpets.shop/usd/products/pet-portable-cup-portable-outing-water-fountain","$8.47","NO","STANDARD"
"34","2026-04-12 15:00","Double-Sided Pet Dematting Brush","Pet Hair Removers & Combs","Does your pet need a fur solution? ✨🏠

The Double-Sided Pet Dematting Brush is the perfect solution!

Say goodbye to fur on your clothes, couch, and bed!

💰 $3.88

🛒 Shop: https://pawzenpets.shop/usd/products/stainless-double-sided-pet-brush-hair-removal-comb-grooming-dematting-dog-groomi
🔗 All products: https://pawzenpets.shop | @pawzenpets.shop

#PawzenPets #PawzenLife #HappyPetHappyLife #PetHairRemoval #FurFree #PetGrooming #CleanHome #AdoptDontShop #DogMom #DogDad #Instadog #Instacat #CatMom #CatsOfInstagram #DogsOfInstagram","https://api.pawzenpets.shop/media/thumbnails/products/import-1773181317109-rfng_b2ca6a93_thumbnail_1024.jpg","https://api.pawzenpets.shop/media/thumbnails/products/import-1773181317698-ctbv_1687c194_thumbnail_1024.jpg | https://api.pawzenpets.shop/media/thumbnails/products/import-1773181319158-l3ne_f3fe3e3b_thumbnail_1024.jpg | https://api.pawzenpets.shop/media/thumbnails/products/import-1773181320241-eux6_c22129b2_thumbnail_1024.jpg","https://pawzenpets.shop/usd/products/stainless-double-sided-pet-brush-hair-removal-comb-grooming-dematting-dog-groomi","$3.88","NO","STANDARD"
"35","2026-04-13 10:00","Pet Comb Hair Dryer","Pet Hair Removers & Combs","Your pet deserves the best. Introducing the Pet Comb Hair Dryer.

Say goodbye to fur on your clothes, couch, and bed!

💰 $33.88

🛒 Shop: https://pawzenpets.shop/usd/products/pet-comb-hair-dryer
🔗 All products: https://pawzenpets.shop | @pawzenpets.shop

#PawzenPets #PawzenLife #HappyPetHappyLife #PetHairRemoval #FurFree #PetGrooming #CleanHome #DogMom #DogsOfInstagram #CatDad #PetParent #AdoptDontShop #PetsOfInstagram #Instadog #PetLover","https://api.pawzenpets.shop/media/thumbnails/products/import-1773181347767-0u1t_771f343d_thumbnail_1024.jpg","https://api.pawzenpets.shop/thumbnail/UHJvZHVjdE1lZGlhOjIxNTA=/1024/ | https://api.pawzenpets.shop/thumbnail/UHJvZHVjdE1lZGlhOjIxNTE=/1024/ | https://api.pawzenpets.shop/thumbnail/UHJvZHVjdE1lZGlhOjIxNTI=/1024/","https://pawzenpets.shop/usd/products/pet-comb-hair-dryer","$33.88","NO","STANDARD"
"36","2026-04-13 15:00","2-Way Pet Hair Roller & Lint Brush","Pet Hair Removers & Combs","🔥 SALE ALERT! 2-Way Pet Hair Roller & Lint Brush — was $3.77, now just $2.83!

Say goodbye to fur on your clothes, couch, and bed!

Don't miss out — limited time only!

🛒 Shop: https://pawzenpets.shop/usd/products/new-pet-hair-roller-remover-lint-brush-2-way-dog-cat-comb-tool-convenient-cleani
🔗 All products: https://pawzenpets.shop | @pawzenpets.shop

#PawzenPets #PawzenLife #HappyPetHappyLife #PetHairRemoval #FurFree #PetGrooming #CleanHome #Instadog #CatsOfInstagram #AdoptDontShop #CatDad #Instacat #CatMom #PetLover #PetsOfInstagram","https://api.pawzenpets.shop/media/thumbnails/products/import-1773180481629-7ry8_2d8ff91d_thumbnail_1024.jpg","https://api.pawzenpets.shop/thumbnail/UHJvZHVjdE1lZGlhOjE3OTA=/1024/ | https://api.pawzenpets.shop/thumbnail/UHJvZHVjdE1lZGlhOjE3OTE=/1024/ | https://api.pawzenpets.shop/thumbnail/UHJvZHVjdE1lZGlhOjE3OTI=/1024/","https://pawzenpets.shop/usd/products/new-pet-hair-roller-remover-lint-brush-2-way-dog-cat-comb-tool-convenient-cleani","$2.83","YES","SALE"
"37","2026-04-14 10:00","Dog Life Jacket — Shark Design","Pet Clothings","Treat your fur baby without breaking the bank! 🐾❤️

Dog Life Jacket — Shark Design — $8.48 (save 15%!)

Premium quality at an affordable price — your pet will love it!

🛒 Shop: https://pawzenpets.shop/usd/products/dog-life-vest-summer-shark-pet-life-jacket
🔗 All products: https://pawzenpets.shop | @pawzenpets.shop

#PawzenPets #PawzenLife #HappyPetHappyLife #PetSupplies #PetLovers #PetParent #FurBaby #PetShop #CatMom #DogsOfInstagram #DogDad #DogMom #Instacat #PetsOfInstagram #PetParent","https://api.pawzenpets.shop/media/thumbnails/products/import-1773180676869-4nhd_bf44dc9f_thumbnail_1024.jpg","https://api.pawzenpets.shop/thumbnail/UHJvZHVjdE1lZGlhOjE4ODk=/1024/ | https://api.pawzenpets.shop/thumbnail/UHJvZHVjdE1lZGlhOjE4OTA=/1024/ | https://api.pawzenpets.shop/thumbnail/UHJvZHVjdE1lZGlhOjE4OTE=/1024/","https://pawzenpets.shop/usd/products/dog-life-vest-summer-shark-pet-life-jacket","$8.48","YES","SALE"
"38","2026-04-14 15:00","Dog Grooming & Detangling Comb","Pet Hair Removers & Combs","Treat your fur baby without breaking the bank! ✨🏠

Dog Grooming & Detangling Comb — $1.06 (save 25%!)

Say goodbye to fur on your clothes, couch, and bed!

🛒 Shop: https://pawzenpets.shop/usd/products/dog-grooming-comb-comfortable-pet-small-lice-flea-combs-universal-shedding-brush
🔗 All products: https://pawzenpets.shop | @pawzenpets.shop

#PawzenPets #PawzenLife #HappyPetHappyLife #PetHairRemoval #FurFree #PetGrooming #CleanHome #Instacat #Instadog #PetsOfInstagram #PetParent #PetLover #CatsOfInstagram #DogMom #DogsOfInstagram","https://api.pawzenpets.shop/media/thumbnails/products/import-1773181434424-fnlu_ed28d8c5_thumbnail_1024.jpg","https://api.pawzenpets.shop/media/thumbnails/products/import-1773181435469-ycxa_f9670916_thumbnail_1024.jpg | https://api.pawzenpets.shop/media/thumbnails/products/import-1773181436802-votc_c5958a63_thumbnail_1024.jpg | https://api.pawzenpets.shop/media/thumbnails/products/import-1773181437914-nsqa_0bd363fe_thumbnail_1024.jpg","https://pawzenpets.shop/usd/products/dog-grooming-comb-comfortable-pet-small-lice-flea-combs-universal-shedding-brush","$1.06","YES","SALE"
"39","2026-04-15 10:00","Anti-Choking Slow Feeder Bowl","Pet Bowls","Treat your fur baby without breaking the bank! 🍽️🐾

Anti-Choking Slow Feeder Bowl — $2.58 (save 20%!)

Designed for healthy eating habits and easy cleanup.

🛒 Shop: https://pawzenpets.shop/usd/products/pet-dog-cat-slow-feeder-bowls-anti-choking-slow-feeder-dish-bowl-home-dog-eating
🔗 All products: https://pawzenpets.shop | @pawzenpets.shop

#PawzenPets #PawzenLife #HappyPetHappyLife #PetFeeding #DogBowl #CatBowl #PetHealth #HealthyPet #PetParent #DogDad #Instadog #PetLover #DogMom #CatsOfInstagram #PetsOfInstagram","https://api.pawzenpets.shop/media/thumbnails/products/import-1773112239885-qv7f_e62e7b91_thumbnail_1024.jpg","https://api.pawzenpets.shop/media/thumbnails/products/import-1773112240919-st6r_8d1acf86_thumbnail_1024.jpg | https://api.pawzenpets.shop/media/thumbnails/products/import-1773112241910-wt34_725f0038_thumbnail_1024.jpg | https://api.pawzenpets.shop/media/thumbnails/products/import-1773112243153-xatn_57e2d9ee_thumbnail_1024.jpg","https://pawzenpets.shop/usd/products/pet-dog-cat-slow-feeder-bowls-anti-choking-slow-feeder-dish-bowl-home-dog-eating","$2.58","YES","SALE"
"40","2026-04-15 15:00","Portable Dog Floating Bowl — Splash-Proof","Pet Bowls","Treat your fur baby without breaking the bank! 🍽️🐾

Portable Dog Floating Bowl — Splash-Proof — $7.24 (save 20%!)

Designed for healthy eating habits and easy cleanup.

🛒 Shop: https://pawzenpets.shop/usd/products/portable-dog-bowl-pet-floating-bowl-splash-proof
🔗 All products: https://pawzenpets.shop | @pawzenpets.shop

#PawzenPets #PawzenLife #HappyPetHappyLife #PetFeeding #DogBowl #CatBowl #PetHealth #HealthyPet #CatsOfInstagram #FurBaby #CatDad #CatMom #AdoptDontShop #PetLover #DogMom","https://api.pawzenpets.shop/media/thumbnails/products/import-1773182154987-qg7k_07add198_thumbnail_1024.jpg","https://api.pawzenpets.shop/thumbnail/UHJvZHVjdE1lZGlhOjI2MzI=/1024/ | https://api.pawzenpets.shop/media/thumbnails/products/import-1773182156427-egxc_6fc7fc21_thumbnail_1024.jpg | https://api.pawzenpets.shop/media/thumbnails/products/import-1773182156748-ts8u_74db529e_thumbnail_1024.jpg","https://pawzenpets.shop/usd/products/portable-dog-bowl-pet-floating-bowl-splash-proof","$7.24","YES","SALE"
"41","2026-04-16 10:00","No-Spill Floating Pet Bowl","Pet Bowls","Making life better, one paw at a time. 🍽️🐾

No-Spill Floating Pet Bowl — because pets deserve the best.

💰 $8.25

🛒 Shop: https://pawzenpets.shop/usd/products/pet-dog-bowl-floating-not-wetting-mouth-cat-bowl-no-spill-drinking-water-feeder
🔗 All products: https://pawzenpets.shop | @pawzenpets.shop

#PawzenPets #PawzenLife #HappyPetHappyLife #PetFeeding #DogBowl #CatBowl #PetHealth #HealthyPet #PetLover #DogMom #Instacat #DogsOfInstagram #AdoptDontShop #CatDad #PetsOfInstagram","https://api.pawzenpets.shop/media/thumbnails/products/import-1773112187304-9n5e_a60faf60_thumbnail_1024.png","https://api.pawzenpets.shop/media/thumbnails/products/import-1773112190312-wuvq_5e20a550_thumbnail_1024.png | https://api.pawzenpets.shop/media/thumbnails/products/import-1773112191428-jja9_10f5f9ba_thumbnail_1024.jpg | https://api.pawzenpets.shop/media/thumbnails/products/import-1773112194481-wz4t_7a0c0e13_thumbnail_1024.png","https://pawzenpets.shop/usd/products/pet-dog-bowl-floating-not-wetting-mouth-cat-bowl-no-spill-drinking-water-feeder","$8.25","NO","HERO"
"42","2026-04-16 15:00","Carrot Plush Chew & Snuffle Toy","Pet Chew Toys","🐾❤️ Carrot Plush Chew & Snuffle Toy

Premium quality at an affordable price — your pet will love it!

💰 $1.55

🛒 Shop: https://pawzenpets.shop/usd/products/pet-dog-toys-carrot-plush-toy-vegetable-chew-toy-for-dogs-snuffle-mat-for-dogs-c
🔗 All products: https://pawzenpets.shop | @pawzenpets.shop

#PawzenPets #PawzenLife #HappyPetHappyLife #PetSupplies #PetLovers #PetParent #FurBaby #PetShop #PetLover #CatMom #AdoptDontShop #DogsOfInstagram #FurBaby #Instadog #PetsOfInstagram","https://api.pawzenpets.shop/media/thumbnails/products/import-1773181800097-u8sl_894dab2d_thumbnail_1024.jpg","https://api.pawzenpets.shop/media/thumbnails/products/import-1773181800849-nuip_007f6908_thumbnail_1024.jpg | https://api.pawzenpets.shop/media/thumbnails/products/import-1773181801886-t39s_de1f2698_thumbnail_1024.jpg | https://api.pawzenpets.shop/media/thumbnails/products/import-1773181802427-iko8_029cd92a_thumbnail_1024.jpg","https://pawzenpets.shop/usd/products/pet-dog-toys-carrot-plush-toy-vegetable-chew-toy-for-dogs-snuffle-mat-for-dogs-c","$1.55","NO","STANDARD"
"43","2026-04-17 10:00","Woven Fabric Dog & Cat Harness Set","Pet Harnesses","🔥 SALE ALERT! Woven Fabric Dog & Cat Harness Set — was $6.13, now just $4.90!

No-pull design for comfortable, safe walks together.

Don't miss out — limited time only!

🛒 Shop: https://pawzenpets.shop/usd/products/new-dog-harness-and-leash-set-woven-fabric-cat-and-puppy-vest-harness-leads-to-s
🔗 All products: https://pawzenpets.shop | @pawzenpets.shop

#PawzenPets #PawzenLife #HappyPetHappyLife #DogHarness #DogWalk #WalkTime #DogLife #NoPull #DogsOfInstagram #Instadog #PetParent #PetLover #PetsOfInstagram #DogMom #CatMom","https://api.pawzenpets.shop/media/thumbnails/products/import-1773181226403-2jsg_5fc7a083_thumbnail_1024.jpg","https://api.pawzenpets.shop/media/thumbnails/products/import-1773181226956-el8k_27658d93_thumbnail_1024.jpg | https://api.pawzenpets.shop/media/thumbnails/products/import-1773181227945-rjjx_a942c255_thumbnail_1024.jpg | https://api.pawzenpets.shop/media/thumbnails/products/import-1773181228608-7881_3968d013_thumbnail_1024.jpg","https://pawzenpets.shop/usd/products/new-dog-harness-and-leash-set-woven-fabric-cat-and-puppy-vest-harness-leads-to-s","$4.90","YES","SALE"
"44","2026-04-17 15:00","Dog Raincoat Jacket","Pet Clothings","🔥 SALE ALERT! Dog Raincoat Jacket — was $16.13, now just $13.71!

Premium quality at an affordable price — your pet will love it!

Don't miss out — limited time only!

🛒 Shop: https://pawzenpets.shop/usd/products/dog-large-dog-raincoat-pet-jacket
🔗 All products: https://pawzenpets.shop | @pawzenpets.shop

#PawzenPets #PawzenLife #HappyPetHappyLife #PetSupplies #PetLovers #PetParent #FurBaby #PetShop #CatsOfInstagram #CatDad #CatMom #PetsOfInstagram #DogsOfInstagram #PetParent #DogDad","https://api.pawzenpets.shop/media/thumbnails/products/import-1773180585529-ei03_c4e5bbc3_thumbnail_1024.jpg","https://api.pawzenpets.shop/thumbnail/UHJvZHVjdE1lZGlhOjE4NTM=/1024/ | https://api.pawzenpets.shop/thumbnail/UHJvZHVjdE1lZGlhOjE4NTQ=/1024/ | https://api.pawzenpets.shop/thumbnail/UHJvZHVjdE1lZGlhOjE4NTU=/1024/","https://pawzenpets.shop/usd/products/dog-large-dog-raincoat-pet-jacket","$13.71","YES","SALE"
"45","2026-04-18 10:00","Pumpkin Self-Cleaning Slicker Brush","Pet Toy Set","Meet the Pumpkin Self-Cleaning Slicker Brush! Premium quality at an affordable price — your pet will love it!

💰 $24.95

🛒 Shop: https://pawzenpets.shop/usd/products/pet-pumpkin-brush-pet-grooming-self-cleaning-slicker-brush-for-dogs-cats-puppy-r
🔗 All products: https://pawzenpets.shop | @pawzenpets.shop

#PawzenPets #PawzenLife #HappyPetHappyLife #PetSupplies #PetLovers #PetParent #FurBaby #PetShop #DogDad #DogsOfInstagram #Instacat #AdoptDontShop #PetParent #FurBaby #CatDad","https://api.pawzenpets.shop/media/thumbnails/products/import-1773181275803-hbfh_3584e19e_thumbnail_1024.jpg","https://api.pawzenpets.shop/thumbnail/UHJvZHVjdE1lZGlhOjIxMDM=/1024/ | https://api.pawzenpets.shop/thumbnail/UHJvZHVjdE1lZGlhOjIxMDQ=/1024/ | https://api.pawzenpets.shop/thumbnail/UHJvZHVjdE1lZGlhOjIxMDU=/1024/","https://pawzenpets.shop/usd/products/pet-pumpkin-brush-pet-grooming-self-cleaning-slicker-brush-for-dogs-cats-puppy-r","$24.95","NO","STANDARD"
"46","2026-04-18 15:00","Cat Catnip Teething Stick Toy","Pet Chew Toys","🔥 SALE ALERT! Cat Catnip Teething Stick Toy — was $0.95, now just $0.71!

Premium quality at an affordable price — your pet will love it!

Don't miss out — limited time only!

🛒 Shop: https://pawzenpets.shop/usd/products/cat-catnip-teething-stick-raffia-pet-toy
🔗 All products: https://pawzenpets.shop | @pawzenpets.shop

#PawzenPets #PawzenLife #HappyPetHappyLife #PetSupplies #PetLovers #PetParent #FurBaby #PetShop #FurBaby #DogsOfInstagram #PetParent #CatMom #AdoptDontShop #Instacat #DogMom","https://api.pawzenpets.shop/media/thumbnails/products/import-1773181984176-tmiz_8ec87ab5_thumbnail_1024.jpg","https://api.pawzenpets.shop/media/thumbnails/products/import-1773181985759-euw8_edbbbc20_thumbnail_1024.jpg | https://api.pawzenpets.shop/media/thumbnails/products/import-1773181986792-nb1m_4f6d61cb_thumbnail_1024.jpg | https://api.pawzenpets.shop/media/thumbnails/products/import-1773181987961-z4dj_fd8209bd_thumbnail_1024.jpg","https://pawzenpets.shop/usd/products/cat-catnip-teething-stick-raffia-pet-toy","$0.71","YES","SALE"
"47","2026-04-19 10:00","3-in-1 Pet Water Bottle & Poop Dispenser","Pet Drinking Tools","Struggling with keeping your pet hydrated on the go? We've got you covered! 💧🐾

3-in-1 Pet Water Bottle & Poop Dispenser — Fresh, clean water wherever your adventures take you!

💰 $0.80

🛒 Shop: https://pawzenpets.shop/usd/products/portable-cat-dog-water-bottle-food-feeder-drinker-poop-dispenser-3-in-1-leak-pro
🔗 All products: https://pawzenpets.shop | @pawzenpets.shop

#PawzenPets #PawzenLife #HappyPetHappyLife #PetHydration #WaterFountain #DogWater #HealthyPet #FurBaby #DogDad #DogsOfInstagram #DogMom #CatDad #PetLover #Instadog #AdoptDontShop","https://api.pawzenpets.shop/media/thumbnails/products/import-1773182135606-baib_a3c5bc71_thumbnail_1024.jpg","https://api.pawzenpets.shop/media/thumbnails/products/import-1773182136224-twlx_709ea75c_thumbnail_1024.jpg | https://api.pawzenpets.shop/media/thumbnails/products/import-1773182137026-qisc_b5a9863b_thumbnail_1024.jpg | https://api.pawzenpets.shop/media/thumbnails/products/import-1773182137543-21zy_46264dd1_thumbnail_1024.jpg","https://pawzenpets.shop/usd/products/portable-cat-dog-water-bottle-food-feeder-drinker-poop-dispenser-3-in-1-leak-pro","$0.80","NO","STANDARD"
"48","2026-04-19 15:00","2-in-1 Dog Paw Cleaner Cup","Pet Shower Products","Treat your fur baby without breaking the bank! 🛁🐾

2-in-1 Dog Paw Cleaner Cup — $3.49 (save 25%!)

Makes bath time quick, easy, and (dare we say) fun!

🛒 Shop: https://pawzenpets.shop/usd/products/2-in-1-dog-paw-cleaner-cup-soft-pet-dog-foot-cleaning-washer-brush-cup-portable-
🔗 All products: https://pawzenpets.shop | @pawzenpets.shop

#PawzenPets #PawzenLife #HappyPetHappyLife #PetBath #BathTime #CleanPet #PetCare #DogBath #DogMom #PetsOfInstagram #CatDad #DogsOfInstagram #CatsOfInstagram #AdoptDontShop #PetLover","https://api.pawzenpets.shop/media/thumbnails/products/import-1773181280865-lph2_75e448b1_thumbnail_1024.jpg","https://api.pawzenpets.shop/media/thumbnails/products/import-1773181281958-ymwv_42d74fb0_thumbnail_1024.jpg | https://api.pawzenpets.shop/media/thumbnails/products/import-1773181282788-ju25_8778f2b7_thumbnail_1024.jpg | https://api.pawzenpets.shop/media/thumbnails/products/import-1773181283254-q8in_f48a0b50_thumbnail_1024.jpg","https://pawzenpets.shop/usd/products/2-in-1-dog-paw-cleaner-cup-soft-pet-dog-foot-cleaning-washer-brush-cup-portable-","$3.49","YES","SALE"
"49","2026-04-20 10:00","Cat Automatic Water Fountain","Pet Bowls","Every pet deserves a little luxury. 🍽️🐾

The Cat Automatic Water Fountain is designed with love for your furry friend.

💰 $5.67

🛒 Shop: https://pawzenpets.shop/usd/products/automatic-drinking-fountain-cat-water-drinking-bowl-cat-water-bowl-water-bowl
🔗 All products: https://pawzenpets.shop | @pawzenpets.shop

#PawzenPets #PawzenLife #HappyPetHappyLife #PetFeeding #DogBowl #CatBowl #PetHealth #HealthyPet #FurBaby #Instacat #CatsOfInstagram #Instadog #PetParent #DogMom #CatMom","https://api.pawzenpets.shop/media/thumbnails/products/import-1773180238960-9r67_75758286_thumbnail_1024.jpg","https://api.pawzenpets.shop/media/thumbnails/products/import-1773180239099-74ex_c8034656_thumbnail_1024.jpg | https://api.pawzenpets.shop/media/thumbnails/products/import-1773180239458-lsbf_038b48df_thumbnail_1024.jpg | https://api.pawzenpets.shop/media/thumbnails/products/import-1773180240183-blqe_022e4e61_thumbnail_1024.jpg","https://pawzenpets.shop/usd/products/automatic-drinking-fountain-cat-water-drinking-bowl-cat-water-bowl-water-bowl","$5.67","NO","STANDARD"
"50","2026-04-20 15:00","Pet Hair Remover — Carpet & Furniture","Pet Hair Removers & Combs","🔥 SALE ALERT! Pet Hair Remover — Carpet & Furniture — was $8.65, now just $6.92!

Say goodbye to fur on your clothes, couch, and bed!

Don't miss out — limited time only!

🛒 Shop: https://pawzenpets.shop/usd/products/pet-hair-remover-dog-cat-hair-remover-lint-cleaner-pro-fur-removal-tool-portable
🔗 All products: https://pawzenpets.shop | @pawzenpets.shop

#PawzenPets #PawzenLife #HappyPetHappyLife #PetHairRemoval #FurFree #PetGrooming #CleanHome #AdoptDontShop #CatsOfInstagram #PetParent #Instacat #DogMom #FurBaby #CatMom #PetsOfInstagram","https://api.pawzenpets.shop/media/thumbnails/products/import-1773180512773-4kym_e0458eb1_thumbnail_1024.jpg","https://api.pawzenpets.shop/media/thumbnails/products/import-1773180513244-6iom_8d9f7a65_thumbnail_1024.png | https://api.pawzenpets.shop/media/thumbnails/products/import-1773180513665-361y_c198e759_thumbnail_1024.jpg | https://api.pawzenpets.shop/media/thumbnails/products/import-1773180514274-zmnb_b6f5655b_thumbnail_1024.jpg","https://pawzenpets.shop/usd/products/pet-hair-remover-dog-cat-hair-remover-lint-cleaner-pro-fur-removal-tool-portable","$6.92","YES","SALE"
"51","2026-04-21 10:00","Pet Dog Jumpsuit Medium Large Dog Pajamas Anxiety","Pet Pajamas","Struggling with finding quality pet products? We've got you covered! 🐾❤️

Pet Dog Jumpsuit Medium Large Dog Pajamas Anxiety — Premium quality at an affordable price — your pet will love it!

💰 $6.50

🛒 Shop: https://pawzenpets.shop/usd/products/pet-dog-jumpsuit-medium-large-dog-pajamas-anxiety
🔗 All products: https://pawzenpets.shop | @pawzenpets.shop

#PawzenPets #PawzenLife #HappyPetHappyLife #PetSupplies #PetLovers #PetParent #FurBaby #PetShop #PetsOfInstagram #PetParent #CatsOfInstagram #PetLover #CatMom #FurBaby #Instadog","https://api.pawzenpets.shop/media/thumbnails/products/import-1773181714657-i33h_15a14600_thumbnail_1024.jpg","https://api.pawzenpets.shop/thumbnail/UHJvZHVjdE1lZGlhOjIzNDM=/1024/ | https://api.pawzenpets.shop/thumbnail/UHJvZHVjdE1lZGlhOjIzNDQ=/1024/ | https://api.pawzenpets.shop/thumbnail/UHJvZHVjdE1lZGlhOjIzNDU=/1024/","https://pawzenpets.shop/usd/products/pet-dog-jumpsuit-medium-large-dog-pajamas-anxiety","$6.50","NO","STANDARD"
"52","2026-04-21 15:00","Automatic Cat Laser Teaser Toy","Pet Chase Toys","Your pet deserves the best. Introducing the Automatic Cat Laser Teaser Toy.

Keep your cat entertained for hours with this interactive laser toy!

💰 $13.15

🛒 Shop: https://pawzenpets.shop/usd/products/automatic-cat-teaser-kitty-laser-pen-light-laser-light-infrared-funny-pet-toy
🔗 All products: https://pawzenpets.shop | @pawzenpets.shop

#PawzenPets #PawzenLife #HappyPetHappyLife #CatPlay #LaserCat #CatLife #CatMom #CatDad #FunnyCat #Instadog #PetLover #CatMom #DogMom #AdoptDontShop #CatsOfInstagram","https://api.pawzenpets.shop/media/thumbnails/products/import-1773181934312-5ryl_1d202656_thumbnail_1024.jpg","https://api.pawzenpets.shop/media/thumbnails/products/import-1773181934656-asdc_72124adc_thumbnail_1024.jpg | https://api.pawzenpets.shop/thumbnail/UHJvZHVjdE1lZGlhOjI0NjU=/1024/ | https://api.pawzenpets.shop/thumbnail/UHJvZHVjdE1lZGlhOjI0NjY=/1024/","https://pawzenpets.shop/usd/products/automatic-cat-teaser-kitty-laser-pen-light-laser-light-infrared-funny-pet-toy","$13.15","NO","STANDARD"
"53","2026-04-22 10:00","Waterproof Adjustable Dog Boots","Pet Shoes & Socks","Treat your fur baby without breaking the bank! 🐾❤️

Waterproof Adjustable Dog Boots — $12.32 (save 15%!)

Premium quality at an affordable price — your pet will love it!

🛒 Shop: https://pawzenpets.shop/usd/products/waterproof-dog-shoes-adjustable-dog-boots-pet-breathbale-shoes-for-outdoor-walki
🔗 All products: https://pawzenpets.shop | @pawzenpets.shop

#PawzenPets #PawzenLife #HappyPetHappyLife #PetSupplies #PetLovers #PetParent #FurBaby #PetShop #AdoptDontShop #DogDad #DogsOfInstagram #DogMom #PetsOfInstagram #Instacat #Instadog","https://api.pawzenpets.shop/media/thumbnails/products/import-1773180575102-4bap_044fc67b_thumbnail_1024.jpg","https://api.pawzenpets.shop/media/thumbnails/products/import-1773180576195-6mb9_0dae2bfc_thumbnail_1024.jpg | https://api.pawzenpets.shop/media/thumbnails/products/import-1773180577398-k01j_180d905f_thumbnail_1024.jpg | https://api.pawzenpets.shop/media/thumbnails/products/import-1773180578005-2qct_1585fbed_thumbnail_1024.jpg","https://pawzenpets.shop/usd/products/waterproof-dog-shoes-adjustable-dog-boots-pet-breathbale-shoes-for-outdoor-walki","$12.32","YES","SALE"
"54","2026-04-22 15:00","Breathable Dog Harness with Sling","Pet Harnesses","Making life better, one paw at a time. 🐕‍🦺💪

Breathable Dog Harness with Sling — because pets deserve the best.

💰 $8.70

🛒 Shop: https://pawzenpets.shop/usd/products/breathable-dog-harness-with-small-sling-suitable-for-small-and-medium-sized-dogs
🔗 All products: https://pawzenpets.shop | @pawzenpets.shop

#PawzenPets #PawzenLife #HappyPetHappyLife #DogHarness #DogWalk #WalkTime #DogLife #NoPull #CatMom #PetsOfInstagram #CatDad #PetLover #DogMom #AdoptDontShop #DogsOfInstagram","https://api.pawzenpets.shop/media/thumbnails/products/import-1773181184181-hea4_da88d7fb_thumbnail_1024.jpg","https://api.pawzenpets.shop/media/thumbnails/products/import-1773181184991-3ojv_1d17eb49_thumbnail_1024.jpg | https://api.pawzenpets.shop/media/thumbnails/products/import-1773181185352-lv7b_bb0620d8_thumbnail_1024.jpg | https://api.pawzenpets.shop/media/thumbnails/products/import-1773181186157-isth_9d1926d1_thumbnail_1024.jpg","https://pawzenpets.shop/usd/products/breathable-dog-harness-with-small-sling-suitable-for-small-and-medium-sized-dogs","$8.70","NO","STANDARD"
"55","2026-04-23 10:00","Pet Calming Collar — Cat","Pet Collars","🔥 SALE ALERT! Pet Calming Collar — Cat — was $8.60, now just $6.88!

Premium quality at an affordable price — your pet will love it!

Don't miss out — limited time only!

🛒 Shop: https://pawzenpets.shop/usd/products/pet-soothing-calming-collar-cat
🔗 All products: https://pawzenpets.shop | @pawzenpets.shop

#PawzenPets #PawzenLife #HappyPetHappyLife #PetSupplies #PetLovers #PetParent #FurBaby #PetShop #PetsOfInstagram #Instacat #PetParent #CatMom #DogMom #CatDad #Instadog","https://api.pawzenpets.shop/media/thumbnails/products/import-1773181578843-svrn_c7f2d76c_thumbnail_1024.jpg","https://api.pawzenpets.shop/media/thumbnails/products/import-1773181579459-5m0z_26548b60_thumbnail_1024.jpg | https://api.pawzenpets.shop/media/thumbnails/products/import-1773181580560-sact_148aa1cd_thumbnail_1024.jpg | https://api.pawzenpets.shop/media/thumbnails/products/import-1773181581232-gz1h_f570806d_thumbnail_1024.jpg","https://pawzenpets.shop/usd/products/pet-soothing-calming-collar-cat","$6.88","YES","SALE"
"56","2026-04-23 15:00","Double Layer Cat Litter Trapping Mat","Pet Mats","Every pet deserves a little luxury. 🐾❤️

The Double Layer Cat Litter Trapping Mat is designed with love for your furry friend.

💰 $9.03

🛒 Shop: https://pawzenpets.shop/usd/products/double-layer-litter-cat-bed-pads-pet-cat-litter-mat-trapping-pets-litter-box-mat
🔗 All products: https://pawzenpets.shop | @pawzenpets.shop

#PawzenPets #PawzenLife #HappyPetHappyLife #PetSupplies #PetLovers #PetParent #FurBaby #PetShop #CatMom #DogsOfInstagram #Instadog #DogDad #PetsOfInstagram #Instacat #AdoptDontShop","https://api.pawzenpets.shop/media/thumbnails/products/import-1773112380128-xdyo_6c92b7c0_thumbnail_1024.jpg","https://api.pawzenpets.shop/media/thumbnails/products/import-1773112381222-qtpi_7a88f200_thumbnail_1024.png | https://api.pawzenpets.shop/thumbnail/UHJvZHVjdE1lZGlhOjE1MzY=/1024/ | https://api.pawzenpets.shop/thumbnail/UHJvZHVjdE1lZGlhOjE1Mzc=/1024/","https://pawzenpets.shop/usd/products/double-layer-litter-cat-bed-pads-pet-cat-litter-mat-trapping-pets-litter-box-mat","$9.03","NO","STANDARD"
"57","2026-04-24 10:00","Natural Rubber Dog Chew Toy — Durable","Pet Toy Set","Treat your fur baby without breaking the bank! 🐾❤️

Natural Rubber Dog Chew Toy — Durable — $7.90 (save 20%!)

Premium quality at an affordable price — your pet will love it!

🛒 Shop: https://pawzenpets.shop/usd/products/natural-rubber-chew-toy-suitable-for-aggressive-dogs---durable-and-long-lasting-
🔗 All products: https://pawzenpets.shop | @pawzenpets.shop

#PawzenPets #PawzenLife #HappyPetHappyLife #PetSupplies #PetLovers #PetParent #FurBaby #PetShop #Instacat #AdoptDontShop #PetsOfInstagram #FurBaby #CatsOfInstagram #PetLover #DogMom","https://api.pawzenpets.shop/media/thumbnails/products/import-1773181971099-dahh_01a5cb7e_thumbnail_1024.jpg","https://api.pawzenpets.shop/media/thumbnails/products/import-1773181971812-j1hd_4636de1f_thumbnail_1024.jpg | https://api.pawzenpets.shop/media/thumbnails/products/import-1773181973123-mkak_fce06a3c_thumbnail_1024.jpg | https://api.pawzenpets.shop/media/thumbnails/products/import-1773181974734-6bct_16f5cc49_thumbnail_1024.jpg","https://pawzenpets.shop/usd/products/natural-rubber-chew-toy-suitable-for-aggressive-dogs---durable-and-long-lasting-","$7.90","YES","SALE"
"58","2026-04-24 15:00","Adjustable Pet Car Seat Belt & Harness","Pet Leashes","🔥 SALE ALERT! Adjustable Pet Car Seat Belt & Harness — was $1.30, now just $0.98!

Built for adventure — safe, durable, and comfortable.

Don't miss out — limited time only!

🛒 Shop: https://pawzenpets.shop/usd/products/adjustable-pet-cat-dog-car-seat-belt-pet-seat-vehicle-dog-harness-lead-clip-safe
🔗 All products: https://pawzenpets.shop | @pawzenpets.shop

#PawzenPets #PawzenLife #HappyPetHappyLife #DogLeash #DogWalk #AdventureDog #OutdoorDog #Instadog #DogDad #Instacat #CatsOfInstagram #AdoptDontShop #DogMom #DogsOfInstagram #PetLover","https://api.pawzenpets.shop/media/thumbnails/products/import-1773180827157-hxfp_e5ad1eae_thumbnail_1024.jpg","https://api.pawzenpets.shop/media/thumbnails/products/import-1773180828141-k66v_c8548e56_thumbnail_1024.jpg | https://api.pawzenpets.shop/media/thumbnails/products/import-1773180828917-86m6_16de4dd6_thumbnail_1024.jpg | https://api.pawzenpets.shop/media/thumbnails/products/import-1773180829705-cuu4_209b2c80_thumbnail_1024.jpg","https://pawzenpets.shop/usd/products/adjustable-pet-cat-dog-car-seat-belt-pet-seat-vehicle-dog-harness-lead-clip-safe","$0.98","YES","SALE"
"59","2026-04-25 10:00","Pet sleep bed","Pet Nests","Does your pet need a comfy bed? 😴🐾

The Pet sleep bed is the perfect solution!

Ultra-soft, warm, and cozy — the perfect sleep spot for your fur baby.

💰 $7.50

🛒 Shop: https://pawzenpets.shop/usd/products/pet-sleep-bed
🔗 All products: https://pawzenpets.shop | @pawzenpets.shop

#PawzenPets #PawzenLife #HappyPetHappyLife #PetBed #CozyPet #DogBed #CatBed #NapTime #PetComfort #CatDad #AdoptDontShop #PetLover #CatMom #DogsOfInstagram #DogMom","https://api.pawzenpets.shop/media/thumbnails/products/import-1773111948817-iziv_d30ce1f1_thumbnail_1024.jpg","https://api.pawzenpets.shop/media/thumbnails/products/import-1773111949034-dqbr_4a926e57_thumbnail_1024.jpg | https://api.pawzenpets.shop/media/thumbnails/products/import-1773111949171-91np_939bd67c_thumbnail_1024.jpg | https://api.pawzenpets.shop/media/thumbnails/products/import-1773111949304-9coq_971b4f13_thumbnail_1024.jpg","https://pawzenpets.shop/usd/products/pet-sleep-bed","$7.50","NO","STANDARD"
"60","2026-04-25 15:00","Macrame Hanging Cat Hammock","Pet Toy Set","Making life better, one paw at a time. 🐾❤️

Macrame Hanging Cat Hammock — because pets deserve the best.

💰 $4.38

🛒 Shop: https://pawzenpets.shop/usd/products/macrame-hanging-pet-bed-macrame-cat-hammock-wall-hanging-cat-hammock-macrame-cat
🔗 All products: https://pawzenpets.shop | @pawzenpets.shop

#PawzenPets #PawzenLife #HappyPetHappyLife #PetSupplies #PetLovers #PetParent #FurBaby #PetShop #PetLover #Instacat #CatsOfInstagram #CatDad #DogsOfInstagram #Instadog #PetsOfInstagram","https://api.pawzenpets.shop/media/thumbnails/products/import-1773112095281-d2fn_9b2acbcd_thumbnail_1024.jpg","https://api.pawzenpets.shop/media/thumbnails/products/import-1773112096473-6jh7_4a608e9d_thumbnail_1024.jpg | https://api.pawzenpets.shop/media/thumbnails/products/import-1773112097083-bcue_a5c29d92_thumbnail_1024.jpg | https://api.pawzenpets.shop/media/thumbnails/products/import-1773112098272-qf8h_0a178527_thumbnail_1024.jpg","https://pawzenpets.shop/usd/products/macrame-hanging-pet-bed-macrame-cat-hammock-wall-hanging-cat-hammock-macrame-cat","$4.38","NO","STANDARD"
"61","2026-04-26 10:00","Dog Paw Print Pet Mattress","Pet Nests","Your pet deserves the best. Introducing the Dog Paw Print Pet Mattress.

Ultra-soft, warm, and cozy — the perfect sleep spot for your fur baby.

💰 $5.90

🛒 Shop: https://pawzenpets.shop/usd/products/dog-paw-print-pet-mattress
🔗 All products: https://pawzenpets.shop | @pawzenpets.shop

#PawzenPets #PawzenLife #HappyPetHappyLife #PetBed #CozyPet #DogBed #CatBed #NapTime #PetComfort #PetLover #CatsOfInstagram #DogMom #Instacat #CatDad #DogDad","https://api.pawzenpets.shop/media/thumbnails/products/import-1773181745119-tddl_1c9c72cc_thumbnail_1024.jpg","https://api.pawzenpets.shop/media/thumbnails/products/import-1773181746422-pcun_7c5650d0_thumbnail_1024.jpg | https://api.pawzenpets.shop/media/thumbnails/products/import-1773181749000-3t9w_170d26be_thumbnail_1024.jpg | https://api.pawzenpets.shop/media/thumbnails/products/import-1773181750267-j9cf_66e41db7_thumbnail_1024.jpg","https://pawzenpets.shop/usd/products/dog-paw-print-pet-mattress","$5.90","NO","STANDARD"
"62","2026-04-26 15:00","EVA Double-Layer Cat Litter Mat","Pet Mats","Every pet deserves a little luxury. 🐾❤️

The EVA Double-Layer Cat Litter Mat is designed with love for your furry friend.

💰 $7.75

🛒 Shop: https://pawzenpets.shop/usd/products/pet-cat-litter-mat-pet-supplies-eva-double-cat-litter-mat
🔗 All products: https://pawzenpets.shop | @pawzenpets.shop

#PawzenPets #PawzenLife #HappyPetHappyLife #PetSupplies #PetLovers #PetParent #FurBaby #PetShop #PetLover #CatDad #PetParent #Instadog #DogsOfInstagram #FurBaby #AdoptDontShop","https://api.pawzenpets.shop/media/thumbnails/products/import-1773180279748-suux_e3f9412b_thumbnail_1024.png","https://api.pawzenpets.shop/thumbnail/UHJvZHVjdE1lZGlhOjE2NTE=/1024/ | https://api.pawzenpets.shop/thumbnail/UHJvZHVjdE1lZGlhOjE2NTI=/1024/ | https://api.pawzenpets.shop/thumbnail/UHJvZHVjdE1lZGlhOjE2NTM=/1024/","https://pawzenpets.shop/usd/products/pet-cat-litter-mat-pet-supplies-eva-double-cat-litter-mat","$7.75","NO","STANDARD"
"63","2026-04-27 10:00","Reusable Gel Pet Hair Lint Roller","Pet Hair Removers & Combs","Does your pet need a fur solution? ✨🏠

The Reusable Gel Pet Hair Lint Roller is the perfect solution!

Say goodbye to fur on your clothes, couch, and bed!

💰 $9.78

🛒 Shop: https://pawzenpets.shop/usd/products/lint-roller-hair-remover-ball-reusable-gel-lint-roller-for-pet-hair-upgrading-re
🔗 All products: https://pawzenpets.shop | @pawzenpets.shop

#PawzenPets #PawzenLife #HappyPetHappyLife #PetHairRemoval #FurFree #PetGrooming #CleanHome #CatsOfInstagram #PetsOfInstagram #FurBaby #CatMom #CatDad #DogDad #PetParent #Instadog","https://api.pawzenpets.shop/media/thumbnails/products/import-1773180383689-ucqv_36f308aa_thumbnail_1024_3jXOmud.jpg","https://api.pawzenpets.shop/media/thumbnails/products/import-1773180383900-w349_24df1f60_thumbnail_1024.jpg | https://api.pawzenpets.shop/media/thumbnails/products/import-1773180384940-whkg_1316e679_thumbnail_1024.jpg | https://api.pawzenpets.shop/media/thumbnails/products/import-1773180386420-nci1_232c8c27_thumbnail_1024.jpg","https://pawzenpets.shop/usd/products/lint-roller-hair-remover-ball-reusable-gel-lint-roller-for-pet-hair-upgrading-re","$9.78","NO","STANDARD"
"64","2026-04-27 15:00","Enclosed Cat Tent Bed","Pet Nests","Your pet deserves the best. Introducing the Enclosed Cat Tent Bed.

Ultra-soft, warm, and cozy — the perfect sleep spot for your fur baby.

💰 $6.15

🛒 Shop: https://pawzenpets.shop/usd/products/cat-tent-cat-cat-house-enclosed-pet-bed
🔗 All products: https://pawzenpets.shop | @pawzenpets.shop

#PawzenPets #PawzenLife #HappyPetHappyLife #PetBed #CozyPet #DogBed #CatBed #NapTime #PetComfort #DogDad #PetsOfInstagram #PetLover #FurBaby #AdoptDontShop #CatMom","https://api.pawzenpets.shop/media/thumbnails/products/import-1773111821720-bsjo_d33260df_thumbnail_1024.jpg","https://api.pawzenpets.shop/thumbnail/UHJvZHVjdE1lZGlhOjEyOTI=/1024/ | https://api.pawzenpets.shop/thumbnail/UHJvZHVjdE1lZGlhOjEyOTM=/1024/ | https://api.pawzenpets.shop/thumbnail/UHJvZHVjdE1lZGlhOjEyOTQ=/1024/","https://pawzenpets.shop/usd/products/cat-tent-cat-cat-house-enclosed-pet-bed","$6.15","NO","HERO"
"65","2026-04-28 10:00","Military Tactical Dog Harness","Pet Harnesses","🔥 SALE ALERT! Military Tactical Dog Harness — was $15.82, now just $13.92!

No-pull design for comfortable, safe walks together.

Don't miss out — limited time only!

🛒 Shop: https://pawzenpets.shop/usd/products/military-tactical-dog-harness-service-working-pet-dog
🔗 All products: https://pawzenpets.shop | @pawzenpets.shop

#PawzenPets #PawzenLife #HappyPetHappyLife #DogHarness #DogWalk #WalkTime #DogLife #NoPull #PetParent #Instacat #AdoptDontShop #CatMom #CatsOfInstagram #FurBaby #PetLover","https://api.pawzenpets.shop/media/thumbnails/products/import-1773181074901-4hys_2acff630_thumbnail_1024.jpg","https://api.pawzenpets.shop/media/thumbnails/products/import-1773181075246-13in_53f64ce6_thumbnail_1024.jpg | https://api.pawzenpets.shop/media/thumbnails/products/import-1773181075636-gqgv_a7117b69_thumbnail_1024.jpg | https://api.pawzenpets.shop/media/thumbnails/products/import-1773181076308-t1nt_0c803873_thumbnail_1024.jpg","https://pawzenpets.shop/usd/products/military-tactical-dog-harness-service-working-pet-dog","$13.92","YES","SALE"
"66","2026-04-28 15:00","Pet Supplies Bowl Ceramic Cat Bowl Dog Bowl Oblique Mouth","Pet Bowls","Making life better, one paw at a time. 🍽️🐾

Ceramic Cat Bowl Dog Bowl Oblique Mouth — because pets deserve the best.

💰 $8.13

🛒 Shop: https://pawzenpets.shop/usd/products/pet-supplies-bowl-ceramic-cat-bowl-dog-bowl-oblique-mouth
🔗 All products: https://pawzenpets.shop | @pawzenpets.shop

#PawzenPets #PawzenLife #HappyPetHappyLife #PetFeeding #DogBowl #CatBowl #PetHealth #HealthyPet #PetParent #PetLover #Instadog #CatDad #DogsOfInstagram #PetsOfInstagram #CatMom","https://api.pawzenpets.shop/media/thumbnails/products/import-1773112270815-oxun_bb932d7d_thumbnail_1024.jpg","https://api.pawzenpets.shop/media/thumbnails/products/import-1773112271688-qd8l_26607ae2_thumbnail_1024.jpg | https://api.pawzenpets.shop/media/thumbnails/products/import-1773112272615-i6zs_1e252436_thumbnail_1024.jpg | https://api.pawzenpets.shop/media/thumbnails/products/import-1773112273565-ymld_009f6817_thumbnail_1024.jpg","https://pawzenpets.shop/usd/products/pet-supplies-bowl-ceramic-cat-bowl-dog-bowl-oblique-mouth","$8.13","NO","STANDARD"
"67","2026-04-29 10:00","Stainless Steel Upright Dog Bowl","Pet Bowls","Treat your fur baby without breaking the bank! 🍽️🐾

Stainless Steel Upright Dog Bowl — $13.45 (save 15%!)

Designed for healthy eating habits and easy cleanup.

🛒 Shop: https://pawzenpets.shop/usd/products/stainless-steel-dog-bowl-upright-dog-bowl
🔗 All products: https://pawzenpets.shop | @pawzenpets.shop

#PawzenPets #PawzenLife #HappyPetHappyLife #PetFeeding #DogBowl #CatBowl #PetHealth #HealthyPet #PetLover #AdoptDontShop #PetParent #FurBaby #CatDad #Instadog #DogDad","https://api.pawzenpets.shop/media/thumbnails/products/import-1773112358170-l51u_d4f489ae_thumbnail_1024.jpg","https://api.pawzenpets.shop/media/thumbnails/products/import-1773112358890-xbpq_53b9bf5d_thumbnail_1024.jpg | https://api.pawzenpets.shop/media/thumbnails/products/import-1773112359857-lo6l_4e2b947a_thumbnail_1024.jpg | https://api.pawzenpets.shop/media/thumbnails/products/import-1773112361190-6jei_872aad47_thumbnail_1024.jpg","https://pawzenpets.shop/usd/products/stainless-steel-dog-bowl-upright-dog-bowl","$13.45","YES","SALE"
"68","2026-04-29 15:00","Dog Slow Feeder Toy — Dinosaur Egg","Pet Chew Toys","Treat your fur baby without breaking the bank! 🐾❤️

Dog Slow Feeder Toy — Dinosaur Egg — $6.32 (save 20%!)

Premium quality at an affordable price — your pet will love it!

🛒 Shop: https://pawzenpets.shop/usd/products/dog-slow-food-bite-resistant-leakage-food-feeder-dinosaur-egg-bite-dog-toy
🔗 All products: https://pawzenpets.shop | @pawzenpets.shop

#PawzenPets #PawzenLife #HappyPetHappyLife #PetSupplies #PetLovers #PetParent #FurBaby #PetShop #PetsOfInstagram #PetParent #DogMom #DogDad #Instadog #CatMom #FurBaby","https://api.pawzenpets.shop/media/thumbnails/products/import-1773112311353-m9oi_b58e2e47_thumbnail_1024.jpg","https://api.pawzenpets.shop/media/thumbnails/products/import-1773112312331-zp2c_29da0777_thumbnail_1024.jpg | https://api.pawzenpets.shop/media/thumbnails/products/import-1773112312872-nk3w_496c365e_thumbnail_1024.jpg | https://api.pawzenpets.shop/media/thumbnails/products/import-1773112313289-732d_7dbe4571_thumbnail_1024.jpg","https://pawzenpets.shop/usd/products/dog-slow-food-bite-resistant-leakage-food-feeder-dinosaur-egg-bite-dog-toy","$6.32","YES","SALE"
"69","2026-04-30 10:00","Cat Litter Scoop Set — Removable","Pet Groomings","Making life better, one paw at a time. 🐾❤️

Cat Litter Scoop Set — Removable — because pets deserve the best.

💰 $2.42

🛒 Shop: https://pawzenpets.shop/usd/products/removable-plastic-integrated-cat-litter-scoop-set
🔗 All products: https://pawzenpets.shop | @pawzenpets.shop

#PawzenPets #PawzenLife #HappyPetHappyLife #PetSupplies #PetLovers #PetParent #FurBaby #PetShop #FurBaby #CatMom #Instacat #DogMom #DogsOfInstagram #CatDad #Instadog","https://api.pawzenpets.shop/media/thumbnails/products/import-1773180491816-9wjq_b3c53c9b_thumbnail_1024.jpg","https://api.pawzenpets.shop/thumbnail/UHJvZHVjdE1lZGlhOjE3OTg=/1024/ | https://api.pawzenpets.shop/thumbnail/UHJvZHVjdE1lZGlhOjE3OTk=/1024/ | https://api.pawzenpets.shop/thumbnail/UHJvZHVjdE1lZGlhOjE4MDA=/1024/","https://pawzenpets.shop/usd/products/removable-plastic-integrated-cat-litter-scoop-set","$2.42","NO","STANDARD"
"70","2026-04-30 15:00","Snuffle Ball Mat — Detachable Pads","Pet Training and Educational Toys","Meet the Snuffle Ball Mat — Detachable Pads! Premium quality at an affordable price — your pet will love it!

💰 $8.75

🛒 Shop: https://pawzenpets.shop/usd/products/dog-sniffing-training-blanket-snuffle-ball-mat-detachable-pads-puzzle-toy-pet-su
🔗 All products: https://pawzenpets.shop | @pawzenpets.shop

#PawzenPets #PawzenLife #HappyPetHappyLife #PetSupplies #PetLovers #PetParent #FurBaby #PetShop #CatMom #Instadog #PetsOfInstagram #AdoptDontShop #DogDad #CatDad #DogsOfInstagram","https://api.pawzenpets.shop/media/thumbnails/products/import-1773181887155-agud_02aaf2d8_thumbnail_1024.jpg","https://api.pawzenpets.shop/media/thumbnails/products/import-1773181888215-qrtz_cc7fd88b_thumbnail_1024.jpg | https://api.pawzenpets.shop/media/thumbnails/products/import-1773181889267-1arc_98d59299_thumbnail_1024.jpg | https://api.pawzenpets.shop/media/thumbnails/products/import-1773181890062-us57_518870e4_thumbnail_1024.jpg","https://pawzenpets.shop/usd/products/dog-sniffing-training-blanket-snuffle-ball-mat-detachable-pads-puzzle-toy-pet-su","$8.75","NO","STANDARD"
"71","2026-05-01 10:00","First-aid Tent Insulation Mat","Pet Outdoor Supplies","Making life better, one paw at a time. 🐾❤️

First-aid Tent Insulation Mat — because pets deserve the best.

💰 $4.45

🛒 Shop: https://pawzenpets.shop/usd/products/first-aid-tent-insulation-mat
🔗 All products: https://pawzenpets.shop | @pawzenpets.shop

#PawzenPets #PawzenLife #HappyPetHappyLife #PetSupplies #PetLovers #PetParent #FurBaby #PetShop #DogsOfInstagram #PetParent #PetLover #CatDad #Instacat #DogMom #Instadog","https://api.pawzenpets.shop/media/thumbnails/products/import-1773181654364-qy7x_b0452d91_thumbnail_1024.jpg","https://api.pawzenpets.shop/media/thumbnails/products/import-1773181655618-9ebl_9565c3ab_thumbnail_1024.jpg | https://api.pawzenpets.shop/media/thumbnails/products/import-1773181657111-nboa_39333c38_thumbnail_1024.jpg | https://api.pawzenpets.shop/media/thumbnails/products/import-1773181657740-c0wv_2744f079_thumbnail_1024.png","https://pawzenpets.shop/usd/products/first-aid-tent-insulation-mat","$4.45","NO","STANDARD"
"72","2026-05-01 15:00","2-in-1 Pet Hair Remover & Lint Roller","Pet Hair Removers & Combs","Struggling with pet hair EVERYWHERE? We've got you covered! ✨🏠

2-in-1 Pet Hair Remover & Lint Roller — Say goodbye to fur on your clothes, couch, and bed!

💰 $3.67

🛒 Shop: https://pawzenpets.shop/usd/products/2-1-reusable-pet-hair-remover-brush-lint-roller-portable-effective-self-cleaning
🔗 All products: https://pawzenpets.shop | @pawzenpets.shop

#PawzenPets #PawzenLife #HappyPetHappyLife #PetHairRemoval #FurFree #PetGrooming #CleanHome #CatMom #CatDad #FurBaby #PetsOfInstagram #DogDad #PetLover #Instacat #PetParent","https://api.pawzenpets.shop/media/thumbnails/products/import-1773180320131-kntz_7587872f_thumbnail_1024.jpg","https://api.pawzenpets.shop/media/thumbnails/products/import-1773180320966-eppu_d9c0743b_thumbnail_1024.jpg | https://api.pawzenpets.shop/media/thumbnails/products/import-1773180321349-hu4c_0a14710e_thumbnail_1024.jpg | https://api.pawzenpets.shop/media/thumbnails/products/import-1773180321689-r2mx_d3250702_thumbnail_1024.jpg","https://pawzenpets.shop/usd/products/2-1-reusable-pet-hair-remover-brush-lint-roller-portable-effective-self-cleaning","$3.67","NO","STANDARD"
"73","2026-05-02 10:00","Personalized No-Pull Dog Harness Vest","Pet Harnesses","Your pet deserves the best. Introducing the Personalized No-Pull Dog Harness Vest.

No-pull design for comfortable, safe walks together.

💰 $5.98

🛒 Shop: https://pawzenpets.shop/usd/products/personalized-dog-harness-no-pull-reflective-breathable-adjustable-pet-harness-ve
🔗 All products: https://pawzenpets.shop | @pawzenpets.shop

#PawzenPets #PawzenLife #HappyPetHappyLife #DogHarness #DogWalk #WalkTime #DogLife #NoPull #DogsOfInstagram #AdoptDontShop #PetParent #DogDad #FurBaby #PetsOfInstagram #Instadog","https://api.pawzenpets.shop/media/thumbnails/products/import-1773180844019-8q2r_3f67b44c_thumbnail_1024.jpg","https://api.pawzenpets.shop/media/thumbnails/products/import-1773180845356-ycqe_59d56353_thumbnail_1024.jpg | https://api.pawzenpets.shop/media/thumbnails/products/import-1773180846511-8xj9_57edeeff_thumbnail_1024.png | https://api.pawzenpets.shop/media/thumbnails/products/import-1773180847102-jktu_a1878aa4_thumbnail_1024.jpg","https://pawzenpets.shop/usd/products/personalized-dog-harness-no-pull-reflective-breathable-adjustable-pet-harness-ve","$5.98","NO","STANDARD"
"74","2026-05-02 15:00","Donkey Plush Squeaky Dog Toy","Pet Training and Educational Toys","Making life better, one paw at a time. 🐾❤️

Donkey Plush Squeaky Dog Toy — because cats deserve the best.

💰 $4.50

🛒 Shop: https://pawzenpets.shop/usd/products/pet-toy-donkey-shape-corduroy-chew-toy-for-dogs-puppy-squeaker-squeaky-plush-bon
🔗 All products: https://pawzenpets.shop | @pawzenpets.shop

#PawzenPets #PawzenLife #HappyPetHappyLife #PetSupplies #PetLovers #PetParent #FurBaby #PetShop #Instacat #CatMom #DogsOfInstagram #PetLover #CatDad #AdoptDontShop #CatsOfInstagram","https://api.pawzenpets.shop/media/thumbnails/products/import-1773181833219-vghl_4724773f_thumbnail_1024.jpg","https://api.pawzenpets.shop/media/thumbnails/products/import-1773181833855-16vk_70cfcd72_thumbnail_1024.jpg | https://api.pawzenpets.shop/media/thumbnails/products/import-1773181835424-y6u8_8a4f54aa_thumbnail_1024.jpg | https://api.pawzenpets.shop/media/thumbnails/products/import-1773181836190-tdpb_0301af6b_thumbnail_1024.png","https://pawzenpets.shop/usd/products/pet-toy-donkey-shape-corduroy-chew-toy-for-dogs-puppy-squeaker-squeaky-plush-bon","$4.50","NO","STANDARD"
